,datetime,tweet_Id,text,Username
0,2022-12-22 18:21:12+00:00,1605991860698116096,"Ambulansa yol vermeyerek vatandaÅŸlarÄ±n tepkisini Ã§eken sÃ¼rÃ¼cÃ¼ye, ehliyetine geÃ§ici olarak el konularak idari para cezasÄ± verildi. AyrÄ±ca sÃ¼rÃ¼cÃ¼den bir daha yapmamasÄ± rica edildi. https://t.co/B6KuPdSFW0",DeminHaber
1,2022-12-22 12:00:32+00:00,1605896063977631744,BirsÃ¼rÃ¼ ÅŸeye zam geldi. https://t.co/LRkpRurVnZ,DeminHaber
2,2022-12-07 05:28:06+00:00,1600361487075155968,Prof. ErcÃ¼ment OvalÄ± yerli aÅŸÄ± Ã§alÄ±ÅŸmalarÄ±na baÅŸladÄ±. https://t.co/1TpOB6gJ8L,DeminHaber
3,2022-11-13 13:40:30+00:00,1591788094063316994,#taksim https://t.co/DZMhpcLTEo,DeminHaber
4,2022-11-10 19:35:40+00:00,1590790311328251904,"#SONDAKÄ°KA 

Twitter mavi tik Ã¼cretini TÃ¼rkiye iÃ§in 110 TL olarak belirledi. https://t.co/bUGGLgnoRT",DeminHaber
5,2022-11-03 12:44:28+00:00,1588150114023006216,Ä°ÅŸte ErdoÄŸan'Ä±n TOGG'u kullandÄ±ÄŸÄ± gÃ¶rÃ¼ntÃ¼ler https://t.co/D08i3e2vwk,DeminHaber
6,2022-10-20 19:45:19+00:00,1583182597445668864,"#SONDAKÄ°KA 

AK Parti Genel BaÅŸkanvekili Binali YÄ±ldÄ±rÄ±m ve AK Parti Ä°stanbul Milletvekili Åamil AyrÄ±m'Ä± taÅŸÄ±yan araÃ§ Azerbaycan'da kaza yaptÄ±. AraÃ§ta ciddi bir hasar bulunmuyor. https://t.co/DMWjodgRog",DeminHaber
7,2022-10-13 15:12:38+00:00,1580577258439598081,"#SONAKÄ°KA

SansÃ¼r YasasÄ±nÄ±n TartÄ±ÅŸmalÄ± Maddesi Kabul Edildi

ğŸ“ŒMaddeye gÃ¶re, halkÄ± yanÄ±ltÄ±cÄ± bilgi yayma suÃ§u iÅŸleyenlere anal cezasÄ± verilecek. https://t.co/V3AdWh0yqu",DeminHaber
8,2022-07-19 18:30:57+00:00,1549461809614262272,RÃ¼ÅŸvet verdiÄŸi herkesi sesli ve gÃ¶rÃ¼ntÃ¼lÃ¼ kayda aldÄ±ÄŸÄ± ortaya Ã§Ä±kan Sezgin Baran Korkmaz'Ä±n kayÄ±t alÄ±rken kayda alÄ±ndÄ±ÄŸÄ± ortaya Ã§Ä±ktÄ±. https://t.co/xd4lrh8vTw,DeminHaber
9,2022-07-10 12:59:28+00:00,1546116897300684800,YoÄŸun bakÄ±ma kaldÄ±rÄ±lan HÄ±ncal UluÃ§'un aÄŸzÄ±ndan hava hortumu sokuldu. https://t.co/AOvF4cZLC0,DeminHaber
10,2022-07-10 11:05:09+00:00,1546088128540282881,Ä°stanbul boÅŸaldÄ±. https://t.co/2B9grxZ4eE,DeminHaber
11,2022-07-05 11:45:35+00:00,1544286362827980802,"Denizli'deki horoz heykeli, Denizli horozunun gerÃ§ek renklerini yansÄ±tmadÄ±ÄŸÄ± gerekÃ§esiyle kaldÄ±rÄ±ldÄ±. https://t.co/0oeB7Wsu47",DeminHaber
12,2022-07-01 15:37:14+00:00,1542895110819651587,SelÃ§uk Ãœniversitesi TÄ±p FakÃ¼ltesi mezunlarÄ± hekimlik andÄ±nÄ± okurken trafoya kedi girdi.,DeminHaber
13,2022-07-01 15:20:12+00:00,1542890822722543624,"#SonDakika

2021 yÄ±lÄ±nda 329 dolar olan asgari Ã¼cret 2022 yÄ±lÄ±nda 329 dolara yÃ¼kseldi. https://t.co/iBpyAl6drN",DeminHaber
14,2022-06-30 11:46:40+00:00,1542474698352738305,Akrep burcuna genel af Ã§Ä±ktÄ±. https://t.co/qinXobWdwG,DeminHaber
15,2022-06-29 21:01:59+00:00,1542252060082688001,@ulancem https://t.co/cHFvjNVUxs,DeminHaber
16,2022-06-29 21:00:29+00:00,1542251681622147080,Endonezya'daki Seram AdasÄ± aÃ§Ä±klarÄ±nda 2.9 bÃ¼yÃ¼klÃ¼ÄŸÃ¼nde bir deprem meydana geldi. https://t.co/bMi0CMLv0X,DeminHaber
17,2022-06-29 10:47:49+00:00,1542097499506212864,Berat Albayrak istifa etti. https://t.co/2VmJ7ujzoj,DeminHaber
18,2022-06-28 11:34:32+00:00,1541746867863752708,VenÃ¼s yanlÄ±ÅŸlÄ±kla oÄŸlak burcuna girdi. https://t.co/nJDygezx8J,DeminHaber
19,2022-06-26 21:59:51+00:00,1541179459939799041,"#SonDakika

Sakso TÃ¼rkiye'de 1. sÄ±raya yÃ¼kseldi. https://t.co/aLmTKiXt5M",DeminHaber
20,2022-06-25 16:40:11+00:00,1540736625239629824,"Tarsus, Alanya, Ä°negÃ¶l, Ã‡orlu, Siverek, Manavgat, EreÄŸli, ErciÅŸ, Akhisar, Nazilli, Fethiye, BandÄ±rma, LÃ¼leburgaz, Elbistan, Cizre, Ãœnye, Ergani, PolatlÄ±, Edremit. https://t.co/Iter0tY1xZ",DeminHaber
21,2022-06-21 19:28:06+00:00,1539329330437935104,"Gelemedi.

https://t.co/7DqptuZPsh",DeminHaber
22,2022-06-19 18:48:02+00:00,1538594473113960448,"#SONDAKÄ°KA 
BoÄŸaziÃ§i KÃ¶prÃ¼sÃ¼ yakÄ±nlarÄ±nda yangÄ±n Ã§Ä±ktÄ±.",DeminHaber
23,2022-06-13 14:00:06+00:00,1536347685455663104,"#SonDakika

ElazÄ±ÄŸ'da her ÅŸey bulundu. https://t.co/g4I9TvWGyP",DeminHaber
24,2022-06-06 13:19:53+00:00,1533800848387710977,"#SonDakika 

Kalan son insanÄ±n da Anadolu'ya giriÅŸiyle Kavimler GÃ¶Ã§Ã¼ 1700 yÄ±l sonra resmÃ® olarak tamamlandÄ±.",DeminHaber
25,2022-06-01 16:12:02+00:00,1532032230515777537,Benzine art arda gelen zamlardan sonra at fiyatlarÄ± fÄ±rladÄ±. https://t.co/HQa3WH2IhC,DeminHaber
26,2022-05-31 10:43:42+00:00,1531587215960199168,YÃ¼rÃ¼rlÃ¼ÄŸe girdi: SokaÄŸa yalnÄ±zca VPN'le Ã§Ä±kÄ±labilecek. https://t.co/CIwsUNWQNa,DeminHaber
27,2022-05-27 23:21:56+00:00,1530328481715961860,ErdoÄŸan'Ä±n 1 milyon mÃ¼lteciyi Suriye'ye geri gÃ¶nderme operasyonu baÅŸarÄ±ya ulaÅŸÄ±rsa Suriye'den 2 milyon mÃ¼ltecinin daha geleceÄŸi tahmin ediliyor. https://t.co/ZO1r2GW2GN,DeminHaber
28,2022-05-27 12:28:24+00:00,1530164012712960005,"SOSYAL MEDYA DÃœZENLEMESÄ° MECLÄ°STE

Halk arasÄ±nda endiÅŸe, korku veya panik yaratan paylaÅŸÄ±mlarda bulunanlarÄ±n bir yÄ±ldan Ã¼Ã§ yÄ±la kadar hapis cezasÄ± ile cezalandÄ±rÄ±lacak olmasÄ± halk arasÄ±nda endiÅŸe, korku ve panik yarattÄ±. https://t.co/317RdWBl7X",DeminHaber
29,2022-05-26 20:22:55+00:00,1529921043426594820,Ä°stanbul'da Ã§ok gereksiz bir yaÄŸmur yaÄŸÄ±yor. https://t.co/80fsnfM0hS,DeminHaber
30,2022-05-23 20:43:10+00:00,1528838972348190722,"SON DAKÄ°KA

Ayasofya'nÄ±n tekrar mÃ¼ze yapÄ±lmasÄ± gÃ¼ndeme gelebilir. https://t.co/l94XOM2GGz",DeminHaber
31,2022-05-21 10:12:29+00:00,1527955483650412544,Prof. ErcÃ¼ment OvalÄ±: Yerli COVID aÅŸÄ±sÄ±nda Faz-1 deneylerine baÅŸlÄ±yoruz. https://t.co/UaLlPYDdW3,DeminHaber
32,2022-05-20 20:23:28+00:00,1527746854007488512,@siiradam_31 Ä°ÅŸgalci bir tÃ¼r. Kendisi gelmiÅŸtir.,DeminHaber
33,2022-05-20 20:22:11+00:00,1527746529401905157,"SON DAKÄ°KA

Maymun Ã§iÃ§eÄŸi birkaÃ§ gÃ¼nde 3 kÄ±taya yayÄ±ldÄ±! https://t.co/ejl0E8aq7d",DeminHaber
34,2022-05-17 20:00:01+00:00,1526653789498925058,"YERLÄ° OTOMOBÄ°LDE SICAK GELÄ°ÅME

Yerli otomobilin Ã¼retileceÄŸi fabrikanÄ±n yemekhanesinin tuvaletinin kapÄ±sÄ±nÄ±n buzlu camlarÄ±na Ã§ekilen silikonlar yavaÅŸ yavaÅŸ oturuyor.",DeminHaber
35,2022-03-31 21:42:37+00:00,1509647377187196930,"SON DAKÄ°KA

TÃ¼m haber siteleri 1 Nisan ÅŸakasÄ± olarak doÄŸal gaz zammÄ± haberi yapÄ±yor. https://t.co/6uCckIZEkr",DeminHaber
36,2022-03-31 04:32:13+00:00,1509388071082639363,"SON DAKÄ°KA

Bir Twitter kullanÄ±cÄ±sÄ±nÄ±n soba borusundan tavuk geldi.",DeminHaber
37,2022-03-25 21:59:32+00:00,1507477306314534912,GÃ¶rgÃ¼ tanÄ±klarÄ±nÄ±n ifadesine gÃ¶re Ä°stanbul'un pek Ã§ok ilÃ§esinde aynÄ± anda yaÄŸmur Ã§iselemeye baÅŸladÄ±. https://t.co/NrOGTYsMsV,DeminHaber
38,2022-03-21 21:16:40+00:00,1506016970537373703,SON DAKÄ°KA https://t.co/viyWxGMgMg,DeminHaber
39,2022-03-19 17:28:48+00:00,1505234848105046018,Zam geldi. https://t.co/kBQpBe2tan,DeminHaber
40,2022-03-12 19:26:49+00:00,1502727835240251400,Ä°roni kavramÄ±na katkÄ±larÄ±ndan Ã¶tÃ¼rÃ¼ @gulayyedekci 'ye Kierkegaard EnstitÃ¼sÃ¼ ÃœstÃ¼n Hizmet MadalyasÄ± takdim edildi.,DeminHaber
41,2022-03-10 12:09:32+00:00,1501893010518421506,Ä°stanbul'da Ã§ok Ã§irkin bir kar yaÄŸÄ±yor. https://t.co/UfVSKUJVh8,DeminHaber
42,2022-03-09 18:12:23+00:00,1501621939194011655,Ekvador'dan TÃ¼rkiye'ye 3 konteynÄ±r dolusu muz geliyor. https://t.co/I3onh8BMsJ,DeminHaber
43,2022-03-08 23:22:10+00:00,1501337508939976705,8 Mart Feminist Gece YÃ¼rÃ¼yÃ¼ÅŸÃ¼'ne kÄ±smen de olsa kadÄ±nlar da katÄ±labildi.,DeminHaber
44,2022-03-08 22:01:50+00:00,1501317292847681543,Haber muhtemelen yalan ama eÄŸlenmek bedava. ğŸ˜Œ,DeminHaber
45,2022-03-08 21:49:29+00:00,1501314183857512448,Fethullah GÃ¼len mortingen ÅŸÄ±traze. https://t.co/Ybj8JA4HQj,DeminHaber
46,2022-03-08 18:55:22+00:00,1501270365577830405,#Spotify cortladÄ±. https://t.co/Zh8eMomOMr,DeminHaber
47,2022-03-02 20:50:45+00:00,1499125077648064516,@OrumcekDost @emineakdogann7 Veririz Ã–rÃ¼mcek Adam Bey.,DeminHaber
48,2022-03-02 20:43:54+00:00,1499123351423442962,r,DeminHaber
49,2022-03-02 20:37:35+00:00,1499121761841041411,@emineakdogann7 Yeni haber bu Emine HanÄ±m.,DeminHaber
50,2022-03-02 20:35:08+00:00,1499121147077611520,Ispata'da elektriklerin kesilmesiyle birlikte kar yaÄŸÄ±ÅŸÄ± baÅŸladÄ±. https://t.co/tDfpncvAA7,DeminHaber
51,2022-02-24 17:08:48+00:00,1496894894492688393,https://t.co/hGYE7MUrWv,DeminHaber
52,2022-02-24 05:46:28+00:00,1496723180442030080,NATO fÄ±s Ã§Ä±ktÄ±. https://t.co/oTHWX0EE9T,DeminHaber
53,2022-02-22 10:27:52+00:00,1496069220395847685,8 Mart Feminist Gece YÃ¼rÃ¼yÃ¼ÅŸÃ¼'ne kadÄ±nlar da katÄ±labilecek. https://t.co/vPt2QkftLx,DeminHaber
54,2022-02-19 09:10:20+00:00,1494962545505050624,Sultanbeyli'de ilÃ§enin ilk bisiklet yolu hizmete aÃ§Ä±ldÄ±. https://t.co/RKSRfbrMat,DeminHaber
55,2022-02-14 18:21:17+00:00,1493289256810332161,TÃ¼m ilaÃ§lara %37.43 oranÄ±nda zam geldi. BazÄ± Ã¼rÃ¼nlerde pompaya yansÄ±yacak. https://t.co/bBo4GwtmUX,DeminHaber
56,2022-02-06 20:29:28+00:00,1490422412462153738,Isparta'da elektrik sorunu nihayet Ã§Ã¶ https://t.co/uk7b5SuqEu,DeminHaber
57,2022-02-06 20:06:19+00:00,1490416588574666752,Isparta'da 4 gÃ¼nlÃ¼k elektrik kesintisi sÃ¼resince tÃ¼ketilen elektrik faturalara yansÄ±tÄ±lmayacak. https://t.co/FQ6MFXczss,DeminHaber
58,2022-01-25 10:43:12+00:00,1485926219904397313,Denizli'de dÃ¼n gece saatlerinde 3 kiÅŸi tarafÄ±ndan Ã§alÄ±nan kardan adam birkaÃ§ sokak Ã¶tede erimiÅŸ halde bulundu. https://t.co/xFjBd3dff8,DeminHaber
59,2022-01-25 10:36:14+00:00,1485924467239006211,Ä°stanbul'da sÄ±caklÄ±k 0 dereceye dÃ¼ÅŸerek tamamen bitti. https://t.co/cukZ6Qdih9,DeminHaber
60,2022-01-25 09:19:55+00:00,1485905260006813699,Ä°stanbul HavalimanÄ± kÄ±ÅŸ turizmine aÃ§Ä±lÄ±yor. https://t.co/iUdQ8rHjnw,DeminHaber
61,2022-01-15 20:27:29+00:00,1482449381169184768,Kar https://t.co/ArAZt5Esyp,DeminHaber
62,2021-11-23 16:56:58+00:00,1463189843559731210,VatandaÅŸlar marketlerde alÄ±ÅŸveriÅŸ yapÄ±yor. https://t.co/KJFqbXQUGl,DeminHaber
63,2021-11-23 14:10:31+00:00,1463147956413026312,"Berat Albayrak istifa etti, hapisteki tÃ¼m rahipler de salÄ±nÄ±yor. https://t.co/TyuOw7OE4k",DeminHaber
64,2021-11-12 19:52:50+00:00,1459247838702055431,@kuzudanadam Berat Albayrak istifa etti. https://t.co/2I6JE666Tx,DeminHaber
65,2021-11-12 19:51:40+00:00,1459247544261910531,@kuzudanadam Berat Albayrak istifa etti. https://t.co/NNE6vWZCnH,DeminHaber
66,2021-11-12 19:49:30+00:00,1459246998054395910,Berat Albayrak istifa etti. https://t.co/WrKCZSDjOU,DeminHaber
67,2021-11-12 19:18:26+00:00,1459239181725614091,TÃ¼rk LirasÄ± Moldovya Leusu karÅŸÄ±sÄ±nda 0.03 kuruÅŸ deÄŸer kazanarak tarihi bir rekor kÄ±rdÄ±. ğŸ’ª https://t.co/5krqNdOJIo,DeminHaber
68,2021-11-10 07:26:06+00:00,1458335139537330178,Abdullah GÃ¼l rahatsÄ±zlandÄ±. https://t.co/jsvx28uEpK,DeminHaber
69,2021-11-04 13:23:19+00:00,1456250707024044032,"SON DAKÄ°KA

Milli muharip uÃ§aÄŸÄ±nÄ±n ilk parÃ§asÄ± Ã¼retildi. Bu parÃ§a sayesinde her gÃ¼n ikisi sulu 3 Ã§eÅŸit yemek ve meyve servisi yapÄ±labilecek olan milli uÃ§aÄŸÄ±mÄ±zda ayrÄ±ca savaÅŸtÄ±kÃ§a mil de kazanÄ±labilecek. https://t.co/eertuViy99",DeminHaber
70,2021-11-03 18:23:35+00:00,1455963885207527427,Ä°ÅŸte Emmanuel Macron'un o fotoÄŸrafÄ±: https://t.co/IFuhJgm1CG,DeminHaber
71,2021-11-03 10:36:45+00:00,1455846404702842882,CumhurbaÅŸkanÄ± yÃ¼rÃ¼dÃ¼ https://t.co/yUJ7hHnUpP,DeminHaber
72,2021-10-25 10:08:11+00:00,1452577723659005954,"SON DAKÄ°KA

Merkez BankasÄ± madeni paralarÄ±n deÄŸerini maliyetleriyle eÅŸitlemeye hazÄ±rlanÄ±yor. Yeni 50 KuruÅŸ'a Demin Haber ulaÅŸtÄ±: https://t.co/phNtbttLlG",DeminHaber
73,2021-10-25 08:00:58+00:00,1452545710235205632,Ak Parti iktidarÄ±nda 50 kuruÅŸun deÄŸeri 16 kuruÅŸ artarak 66 kuruÅŸa yÃ¼kseldi. ğŸ’ª,DeminHaber
74,2021-10-21 11:24:37+00:00,1451147404959526913,"TÃ¼rk LirasÄ±, Bosna-Hersek MarkÄ± karÅŸÄ±sÄ±nda %0,19 deÄŸer kazandÄ±. https://t.co/rae9NQ6obV",DeminHaber
75,2021-10-21 11:15:01+00:00,1451144991267606528,Guardiola,DeminHaber
76,2021-10-21 11:11:01+00:00,1451143985213345797,Ä°STÄ°FA ET ARTIK https://t.co/KMycT6EjSt,DeminHaber
77,2021-10-20 07:21:23+00:00,1450723806499246087,"TÃ¼rk LirasÄ± gÃ¼ne Pakistan Rupisi karÅŸÄ±sÄ±nda %0,21 deÄŸer kazanarak baÅŸladÄ±. https://t.co/xAqKUhxcZ9",DeminHaber
78,2021-10-20 00:05:58+00:00,1450614230554759169,"Taksiciler Esnaf OdasÄ±, Ä°BB'nin aÃ§Ä±kladÄ±ÄŸÄ± plaka sahipliÄŸi dÃ¼zenlemesini mahkemeye gÃ¶tÃ¼rÃ¼yor. https://t.co/8yP8utkGlX",DeminHaber
79,2021-10-19 21:27:23+00:00,1450574321638858759,"Ä4 zirvesi sona erdi: TÃ¼rkiye, Togo, Burkina Faso ve Liberya liderleri ortak bildiri yayÄ±nladÄ±. https://t.co/1KyerwaSR7",DeminHaber
80,2021-10-18 06:00:01+00:00,1449978554750423041,Mesainin baÅŸlamasÄ±yla birlikte memurlar saÄŸa sola kaÃ§Ä±ÅŸmaya baÅŸladÄ±. https://t.co/wS1ImI6AQu,DeminHaber
81,2021-10-17 10:12:15+00:00,1449679644115054594,"SICAK GELÄ°ÅME

Gazeteciler ErdoÄŸan'Ä±n cevaplarÄ±nÄ± soruluyor.",DeminHaber
82,2021-10-10 05:54:45+00:00,1447078128136953856,https://t.co/cShZWUEa3s,DeminHaber
83,2021-10-04 22:21:50+00:00,1445152207897350150,"Facebook, Instagram ve Ã–zcanlar Åeker FabrikasÄ±'nÄ±n sitesindeki eriÅŸim sorunu 6. saatin ardÄ±ndan Ã§Ã¶zÃ¼ldÃ¼, Whatsapp'taki sorun devam ediyor.",DeminHaber
84,2021-10-04 20:23:28+00:00,1445122419283398662,"Facebook, Instagram ve Whatsapp'tan sonra KahramanmaraÅŸ'taki Ã–zcanlar Åeker FabrikasÄ±'nÄ±n sitesine de ulaÅŸÄ±lamÄ±yor. https://t.co/vBIIHGdZXr",DeminHaber
85,2021-10-04 19:14:44+00:00,1445105122921562113,Facebook ve Instagram'dan gelenlere sÄ±cak Ã§orba ve battaniye daÄŸÄ±tÄ±lÄ±yor. https://t.co/qa4pwn5mjL,DeminHaber
86,2021-10-01 08:38:22+00:00,1443857812925435913,KoronavirÃ¼se yakalanan Saadet Partili OÄŸuzhan AsiltÃ¼rk yaÅŸamÄ±nÄ± yitirdi. https://t.co/XoQ0rIYUxi,DeminHaber
87,2021-10-01 08:28:11+00:00,1443855248896966658,"ÃœnlÃ¼ aÅŸÄ± karÅŸÄ±tÄ± Ãœmit AktaÅŸ'Ä±n aÅŸÄ± olmamaya ikna ettiÄŸi iddia edilen arkadaÅŸÄ± Rauf Baysal'Ä±n Covid-19 nedeniyle hayatÄ±nÄ± kaybetmesi aÅŸÄ± karÅŸÄ±tlarÄ± arasÄ±nda yepyeni bir tartÄ±ÅŸma baÅŸlattÄ±: ""AÅŸÄ± yaptÄ±rmak iÃ§in randevu almak ÅŸart mÄ±?"" https://t.co/oar7SqB7Q0",DeminHaber
88,2021-09-28 09:05:46+00:00,1442777543397068801,"Mehmet Metiner'in babasÄ± 400 yataklÄ± AdÄ±yaman EÄŸitim ve AraÅŸtÄ±rma Hastanesi'nde hayatÄ±nÄ± kaybetti. 4 MayÄ±s 2015'te aÃ§Ä±lan hastanede ayrÄ±ca ameliyathane, yoÄŸun bakÄ±m, kardiyoloji, kardiyovaskÃ¼ler cerrahi, diyaliz, yanÄ±k, yara bakÄ±m ve acil Ã¼niteleri de bulunuyor. https://t.co/DMRo4soU4f",DeminHaber
89,2021-09-27 08:48:50+00:00,1442410895137718276,"KurulduÄŸu gÃ¼nden bu yana Ã§alÄ±ntÄ± iÃ§eriklerle bÃ¼yÃ¼yen Onedio, Ã§izgisini yine bozmayarak okuyucularÄ±n takdirini bir kez daha kazandÄ±.",DeminHaber
90,2021-09-23 11:45:54+00:00,1441005901675171841,"YERLÄ° OTOMOBÄ°LDE SICAK GELÄ°ÅME

Yerli otomobilin Ã¼retileceÄŸi fabrikanÄ±n yemekhanesinin tuvaletinin kapÄ±sÄ±nÄ±n buzlu camlarÄ±na Ã§ekilen silikonlar kurudu.",DeminHaber
91,2021-09-23 10:56:00+00:00,1440993344100896768,Bir Twitter kullanÄ±cÄ±sÄ± KazÄ±-Kazan isimli ÅŸans oyununda 50 TL kazandÄ±.,DeminHaber
92,2021-09-23 10:49:15+00:00,1440991646297034752,BarÄ±namayan Ã¶ÄŸrencilere devlet sahip Ã§Ä±ktÄ±: Ã–ÄŸrenciler nezarethanelere yerleÅŸtiriliyor. https://t.co/4qxy60mGTw,DeminHaber
93,2021-09-21 15:47:40+00:00,1440341969385844745,Yozgat'ta eÅŸekten insana geÃ§en virÃ¼s paniÄŸi. https://t.co/Lo4VEwQoOE,DeminHaber
94,2021-09-18 15:41:51+00:00,1439253340534329347,HesabÄ±nÄ±za para geldi https://t.co/sG12xVjdWo,DeminHaber
95,2021-09-18 05:42:14+00:00,1439102441845399552,TÃ¼rkiye 2023'te kendi elektrikli telefonunu Ã¼retmeye hazÄ±rlanÄ±yor. https://t.co/gMANL0nMDj,DeminHaber
96,2021-08-17 16:28:00+00:00,1427668543571578881,Ziya SelÃ§uk istifa etti. https://t.co/myVUT4E225,DeminHaber
97,2021-08-15 21:58:22+00:00,1427026909565792257,ABD'nin ikinci bir keriz Ã¼lke arayÄ±ÅŸÄ± devam ediyor.,DeminHaber
98,2021-08-15 13:26:12+00:00,1426898016343150596,Bir de Berat Albayrak istifa etti. https://t.co/dydpT3KzLs,DeminHaber
99,2021-08-15 01:12:02+00:00,1426713260338917384,"SON DAKÄ°KA

IÅÄ°D Afganistan'da Taliban'a karÅŸÄ± saldÄ±rÄ± baÅŸlattÄ±. Åiddetli Ã§atÄ±ÅŸmalar var. https://t.co/UZd8WvKwaO",DeminHaber
100,2021-08-14 22:58:34+00:00,1426679669751955456,"YERLÄ° OTOMOBÄ°LDE SICAK GELÄ°ÅME

Yerli otomobilin Ã¼retileceÄŸi fabrikanÄ±n yemekhanesinin tuvaletinin kapÄ±sÄ±nÄ±n buzlu camlarÄ±na silikon Ã§ekiliyor.",DeminHaber
101,2021-08-14 18:13:44+00:00,1426607989251842050,Sonunda bu da oldu. https://t.co/o7RYbT85E9,DeminHaber
102,2021-08-14 16:52:06+00:00,1426587444670042114,Sinem adÄ±ndaki bir kiÅŸinin ablasÄ± kÃ¶yle gidecekleri iÃ§in Ã§iÃ§ek susuz kalmasÄ±n diye serumlu dÃ¼zenek kurdu. https://t.co/9P84MjDGfv,DeminHaber
103,2021-08-14 11:23:54+00:00,1426504849764532225,Selin keyfini ise en Ã§ok Siyasal Ä°slamcÄ±lar Ã§Ä±kardÄ±. https://t.co/B2Q99fAQIi,DeminHaber
104,2021-08-13 20:46:18+00:00,1426283996787400706,RTÃœK BaÅŸkanÄ± Ebubekir Åahin geÃ§en haftaki ÅŸeyden sonra bu haftaki diÄŸer ÅŸey konusunda da medya kuruluÅŸlarÄ±nÄ± uyardÄ±. https://t.co/c8OObnPxyV,DeminHaber
105,2021-08-13 13:32:27+00:00,1426174812746043394,"TÃœRKÄ°YE'DE ÃœRETÄ°LDÄ°, 45 ÃœLKE SÄ°PARÄ°Å VERDÄ°

%100 yerli sermayeyle Ã¼retilen, deprem, sel, pandemi ve orman yangÄ±nÄ± gibi doÄŸal afetler baÅŸladÄ±ÄŸÄ± anda vatandaÅŸlarÄ±n cep telefonlarÄ±na otomatik olarak IBAN gÃ¶nderen cihaza isim aranÄ±yor. https://t.co/kB2jlVKLhb",DeminHaber
106,2021-08-13 11:06:56+00:00,1426138192323960832,Kastamonu'da konuÅŸan ErdoÄŸan kelime daÄŸarcÄ±ÄŸÄ±nÄ±n zenginliÄŸiyle dinleyenleri adeta bÃ¼yÃ¼ledi.,DeminHaber
107,2021-08-13 10:10:56+00:00,1426124101375119363,Ankara AltÄ±ndaÄŸ'daki tatsÄ±zlÄ±kla ilgili 72 kiÅŸi daha gÃ¶zaltÄ±na alÄ±ndÄ±. https://t.co/4XT44QcfQN,DeminHaber
108,2021-08-13 09:17:14+00:00,1426110585125707776,MÃ¼ltecilerin Metro Turizm ile taÅŸÄ±nmasÄ± mÃ¼ltecilerin can gÃ¼venliÄŸi konusunda endiÅŸe yarattÄ±.,DeminHaber
109,2021-08-13 07:45:55+00:00,1426087605431672834,Ejder meyveli smoothie molasÄ± verildi.,DeminHaber
110,2021-08-13 06:42:58+00:00,1426071763780263936,"Dil, din, Ä±rk ayÄ±rmadan insanlÄ±ÄŸÄ±n ortak acÄ±larÄ±nÄ± haber yapan TRT izleyicilerin takdirini kazandÄ±. https://t.co/yBu54BYr9B",DeminHaber
111,2021-08-13 06:26:37+00:00,1426067649226846208,Yola Ã§Ä±kÄ±ldÄ±.,DeminHaber
112,2021-08-13 05:19:24+00:00,1426050735414841344,Sel felaketi maÄŸdurlarÄ±na atÄ±lacak Ã§aylarÄ±n paketlenme iÅŸlemleri tamamlandÄ±. https://t.co/RnIz3SN1pf,DeminHaber
113,2021-08-11 22:10:18+00:00,1425580361350778888,"CumhurbaÅŸkanÄ± ErdoÄŸan, Togo CumhurbaÅŸkanÄ± Faure Essozimna Gnassingbe ile bir telefon gÃ¶rÃ¼ÅŸmesi gerÃ§ekleÅŸtirdi. https://t.co/wpE1cWGIhP",DeminHaber
114,2021-08-11 15:46:45+00:00,1425483838503989253,"Ã‡Ä±lgÄ±n bir proje daha geliyor: ANABORU

TÃ¼rkiye'nin kuzeyinden gÃ¼neyine dÃ¶ÅŸenecek devasa boru sayesinde sel sularÄ±yla orman yangÄ±nlarÄ± sÃ¶ndÃ¼rÃ¼lecek. https://t.co/ubFnidv9fR",DeminHaber
115,2021-08-07 16:54:19+00:00,1424051289495855105,Åahan GÃ¶kbakar'Ä± protesto etmek isteyen vatandaÅŸlar Bolivya BÃ¼yÃ¼kelÃ§iliÄŸi Ã¶nÃ¼nde Burkina Faso bayraÄŸÄ± yaktÄ±. https://t.co/rhi4T6qiMK,DeminHaber
116,2021-08-07 15:04:30+00:00,1424023651679195145,"DÃ¼z DÃ¼nya DerneÄŸi'nden kÃ¼resel Ä±sÄ±nma aÃ§Ä±klamasÄ±: ""Evet bir Ä±sÄ±nma sÃ¶z konusu ama bu dÃ¼mdÃ¼z Ä±sÄ±nmadÄ±r"" https://t.co/IejiXvV5dn",DeminHaber
117,2021-08-07 07:30:12+00:00,1423909325093974022,Ä°stanbul'da havadan bir ÅŸeyler damlÄ±yor. https://t.co/U05HBxgfQQ,DeminHaber
118,2021-08-06 14:40:13+00:00,1423655154277048320,YaÄŸmur duasÄ±na taktÄ±m baya.,DeminHaber
119,2021-08-06 14:36:02+00:00,1423654101292888068,Her ÅŸey planlandÄ±ÄŸÄ± gibi gidiyor. https://t.co/9c7MpKz7uJ,DeminHaber
120,2021-08-06 14:06:34+00:00,1423646684874215428,@notherebuthere1 @AscBirbey @anthonykpr Kudurdum Furkan haklÄ±sÄ±n kardeÅŸim &lt;3,DeminHaber
121,2021-08-06 14:04:38+00:00,1423646199450636289,@notherebuthere1 @AscBirbey @anthonykpr Kendi haberime yine gÃ¼ldÃ¼m. SaÄŸolasÄ±n.,DeminHaber
122,2021-08-06 13:33:16+00:00,1423638304029818886,@notherebuthere1 @anthonykpr Kudurrrrrrrr,DeminHaber
123,2021-08-06 12:43:00+00:00,1423625654545887235,Diyanet Ä°ÅŸleri BaÅŸkanÄ± Ali ErbaÅŸ'Ä±n 7 gÃ¼n Ã¶nce Manavgat KÃ¼lliye Camisi'ndeki yaÄŸmur duasÄ±ndan sonra Manavgat hariÃ§ Antalya'nÄ±n genelinde gÃ¶k gÃ¼rÃ¼ltÃ¼lÃ¼ saÄŸanak yaÄŸÄ±ÅŸ bekleniyor. https://t.co/EcHyx1tnZD,DeminHaber
124,2021-08-06 11:20:07+00:00,1423604795118694407,TEMA VakfÄ±'nÄ±n baÄŸÄ±ÅŸÄ± kabul etmemesi Ã¼zerine Cengiz Holding'in borcu tekrar 1792939841273958 aÄŸaca yÃ¼kseldi.,DeminHaber
125,2021-08-06 11:16:55+00:00,1423603989417967616,Mahmut Tanal'Ä±n tweet'ini ihbar kabul eden Youtube harekete geÃ§ti. https://t.co/qondfnzBE6,DeminHaber
126,2021-08-05 08:21:24+00:00,1423197434382065666,"Ankara Cumhuriyet BaÅŸsavcÄ±lÄ±ÄŸÄ±, sosyal medyada orman yangÄ±nlarÄ±yla ilgili #helpturkey etiketiyle yapÄ±lan ve suÃ§ unsuru teÅŸkil eden paylaÅŸÄ±mlara iliÅŸkin reisen soruÅŸturma baÅŸlattÄ±. https://t.co/QjDIyxVT9h",DeminHaber
127,2021-08-05 00:13:40+00:00,1423074692588621826,MuÄŸla'daki termik santralin yanmasÄ±yla ilgili yetkililerden herhangi bir aÃ§Ä±klama yapÄ±lmadÄ±. GÃ¶zler Hatay valisinde.,DeminHaber
128,2021-08-04 22:04:38+00:00,1423042217216725001,"Brezilya'da, Eski AKP DiyarbakÄ±r Milletvekili AdayÄ± Ã‡iÄŸdem Ã–zkanâ€™Ä±n CEO'su olduÄŸu ACM Holding'e ait jette valizler dolusu toz dezenfektan ele geÃ§irildi.",DeminHaber
129,2021-08-04 07:18:23+00:00,1422819185726525440,#Manavgat'ta yanacak aÄŸaÃ§ kalmadÄ±ÄŸÄ± iÃ§in sÃ¶nen yangÄ±nlar havadan gÃ¶rÃ¼ntÃ¼lendi. https://t.co/dZE4irKb9t,DeminHaber
130,2021-08-03 11:42:01+00:00,1422523142745083904,@fundabezos @shittmagnet Ä°lk doÄŸru haberimiz bu.,DeminHaber
131,2021-08-03 11:40:29+00:00,1422522758525820933,@fundabezos @shittmagnet Ama haber doÄŸru.,DeminHaber
132,2021-08-03 10:29:11+00:00,1422504816954183712,Berat Albayrak istifa etti. https://t.co/t4A0w4EskG,DeminHaber
133,2021-08-03 08:18:53+00:00,1422472024757317672,Silerler milerler. https://t.co/PBTNrsL00i,DeminHaber
134,2021-08-03 08:10:32+00:00,1422469921917841438,Diyanet Ä°ÅŸleri BaÅŸkanÄ± Ali ErbaÅŸ'Ä±n cuma gÃ¼nÃ¼ Manavgat KÃ¼lliye Camisi'ndeki yaÄŸmur duasÄ±ndan sonra Antalya'da nem oranÄ± %15'ten %5'e dÃ¼ÅŸtÃ¼. https://t.co/QY0CMunrda,DeminHaber
135,2021-08-03 07:46:43+00:00,1422463928597164034,KÄ±zÄ±lay'a baÄŸÄ±ÅŸ yapanlara Galata KÃ¶prÃ¼sÃ¼'nÃ¼ satmaya Ã§alÄ±ÅŸan ÅŸebeke Ã§Ã¶kertildi. https://t.co/Urf7jDKLzQ,DeminHaber
136,2021-08-03 06:23:20+00:00,1422442946520100875,GÃ¼naydÄ±n mÄ±? Hangi gÃ¼n gÃ¼naydÄ±n? BugÃ¼n gÃ¼naydÄ±n olur mu? GÃ¼ne yeni baÅŸlayan vatandaÅŸlar bu sorulara yanÄ±t arÄ±yor. Peki gerÃ§ekten gÃ¼naydÄ±n mÄ± deÄŸil mi? Ne zaman gÃ¼naydÄ±n olacak? GÃ¼naydÄ±n ne demek? Son dakika gÃ¼naydÄ±n haberleri Demin Haber'de. https://t.co/ItX2z8MOvp,DeminHaber
137,2021-08-02 21:08:59+00:00,1422303437484707842,Bebek kedi https://t.co/YSx7cXaUwT,DeminHaber
138,2021-08-02 21:04:25+00:00,1422302289797255169,Aynen devam. https://t.co/0kFpJrn6wJ,DeminHaber
139,2021-08-02 20:02:16+00:00,1422286648734273539,TÃ¼rkiye'de gÃ¼nlerdir sÃ¼ren orman yangÄ±nlarÄ±nda can kaybÄ± tahminlere gÃ¶re 20 milyona ulaÅŸtÄ±. https://t.co/i6aBaeKP3H,DeminHaber
140,2021-08-02 16:50:36+00:00,1422238414896836615,ErdoÄŸan yangÄ±n maÄŸdurlarÄ±nÄ± taksitlendirme ve Ã¶deme imkanlarÄ± konusunda bilgilendirdi. https://t.co/N5BjzmPHaY,DeminHaber
141,2021-08-02 16:22:06+00:00,1422231242745991171,Meteorolojiden alÄ±nan verilere gÃ¶re din yetkilileri cuma gÃ¼nÃ¼ Ä°stanbul'da yaÄŸmur duasÄ±na Ã§Ä±kmayÄ± planlÄ±yor. MuÄŸla iÃ§in ise yaÄŸmur duasÄ±na bu hafta Ã§Ä±kÄ±lmayacak. https://t.co/wpIb1m2dGa,DeminHaber
142,2021-08-02 00:27:19+00:00,1421990964244238337,"SON DAKÄ°KA

HiÃ§ ÅŸaÅŸmamasÄ± devam ediyor. https://t.co/jkSQOrPnHU",DeminHaber
143,2021-08-01 21:48:16+00:00,1421950936658886662,"AK Parti Ä°stanbul Ä°l TeÅŸkilatÄ±, attÄ±klarÄ± tweet'in ne anlama geldiÄŸini 1.5 saat sonra idrak edince tweet'i sildi. https://t.co/EJTS3F5vE6",DeminHaber
144,2021-07-31 20:34:55+00:00,1421570088424120327,Kartal Ä°mam Hatip Lisesi Mekatronik KulÃ¼bÃ¼ Ã¶ÄŸrencileri CumhurbaÅŸkanÄ± ErdoÄŸan iÃ§in Ã§ay paketi fÄ±rlatma robotu Ã¼retti. https://t.co/oKTzbu73Pf,DeminHaber
145,2021-07-31 19:02:58+00:00,1421546948784443392,"Her sabah turistlerin odalarÄ±nÄ± telefonla arayarak ""Enjoy I'm vaccinated"" diyip kapatan resepsiyon gÃ¶revlisi gÃ¶zaltÄ±na alÄ±ndÄ±. https://t.co/kFR8ArukGh",DeminHaber
146,2021-07-30 20:40:09+00:00,1421209020543733760,Cengiz Holding TEMA VakfÄ±â€™na 50 bin fidan baÄŸÄ±ÅŸladÄ±. BÃ¶ylece toplamda TÃ¼rkiye'ye 1792939841273958 aÄŸaÃ§ borcu olan holdingin borcu 1792939841223958 aÄŸaca geriledi. https://t.co/k3QxrCgqK2,DeminHaber
147,2021-07-30 20:34:56+00:00,1421207704874504193,Ä°stanbul'da bir kiÅŸi hayatÄ±nÄ± kaybetti. https://t.co/6r3bT6CY6N,DeminHaber
148,2021-07-30 20:10:17+00:00,1421201502778048530,@nas0turqo Size gÃ¼zel haberler sunabilmek iÃ§in dÄ±ÅŸarda olmamÄ±z gerek.,DeminHaber
149,2021-07-30 19:36:29+00:00,1421192994544398340,Uruguay Ä°letiÅŸim BaÅŸkanlÄ±ÄŸÄ± haberi yalanladÄ±.,DeminHaber
150,2021-07-30 18:24:30+00:00,1421174882214236170,Turistlerin orman yangÄ±nlarÄ±ndan gÃ¶rsel olarak etkilenmemesi iÃ§in daÄŸ yamaÃ§larÄ±na orman manzaralÄ± devasa perdelerin asÄ±lmasÄ± kararlaÅŸtÄ±rÄ±ldÄ±. https://t.co/1xeyLvkNzS,DeminHaber
151,2021-07-30 17:55:52+00:00,1421167677037481991,"Ã–ZEL DOSYA

Milli EÄŸitim BakanlÄ±ÄŸÄ±'ndan istifa eden Ziya SelÃ§uk'un gÃ¶revi sÃ¼resince gerÃ§ekleÅŸtirdiÄŸi baÅŸarÄ±larÄ± sizler iÃ§in derledik:",DeminHaber
152,2021-07-30 16:05:54+00:00,1421140000947818497,"CumhurbaÅŸkanlÄ±ÄŸÄ±, aÄŸaÃ§landÄ±rma seferberliÄŸi kapsamÄ±nda her eve bir incir aÄŸacÄ± dikme kampanyasÄ± baÅŸlattÄ±. https://t.co/G9innR1CAV",DeminHaber
153,2021-07-26 06:55:11+00:00,1419551857672953856,#FileninSultanlarÄ± son olimpiyat ÅŸampiyonu Ã‡in'i set vermeden maÄŸlup ederek #Tokyo2020 'ye galibiyetle baÅŸladÄ±. https://t.co/pIP5sHgEK5,DeminHaber
154,2021-07-22 17:23:46+00:00,1418260495904161795,@nicolausgalilei @kritikhabertr 1,DeminHaber
155,2021-07-22 15:58:51+00:00,1418239125438799878,@kritikhabertr Tebrikler canÄ±m â¤ï¸,DeminHaber
156,2021-07-21 14:26:33+00:00,1417853509152747525,"CumhurbaÅŸkanÄ± ErdoÄŸan Ak Parti teÅŸkilatÄ±yla bayramlaÅŸtÄ±: ""TeÅŸkilatlarÄ±mÄ±zÄ±n heyecanÄ± bize umut verdi, Ã§alÄ±ÅŸma ÅŸevkimizi arttÄ±rdÄ±."" https://t.co/qDdiChMKYP",DeminHaber
157,2021-07-20 21:17:11+00:00,1417594458875510784,Berat Albayrak istifa etti. https://t.co/FPgJg7D95M,DeminHaber
158,2021-07-20 20:59:42+00:00,1417590059864309766,Levent ÃœzÃ¼mcÃ¼ bugÃ¼n herhangi bir konuda savcÄ±lÄ±ÄŸa ifade vermedi. https://t.co/uQS7g9ZrRc,DeminHaber
159,2021-07-20 13:34:47+00:00,1417478091765596169,"AcÄ±payam / DENÄ°ZLÄ° - Freni boÅŸalan bir hafriyat kamyonu, karÅŸÄ± yÃ¶nden gelen ve freni boÅŸalan bir baÅŸka hafriyat kamyonu ile Ã§arpÄ±ÅŸtÄ±: 2 yaralÄ±. https://t.co/N9IbmKnMZH",DeminHaber
160,2021-07-19 16:33:18+00:00,1417160632311353349,"AdapazarÄ± - CumhurbaÅŸkanÄ± ErdoÄŸan'Ä±n KKTC'ye kÃ¼lliye yapÄ±lacaÄŸÄ±nÄ± aÃ§Ä±klamasÄ±yla sevinmeye baÅŸlayan, ancak o esnada yemekte olduÄŸu kuru ekmek boÄŸazÄ±na takÄ±lan bir bay Ã¶ldÃ¼. https://t.co/PAzThJBbfH",DeminHaber
161,2021-07-18 18:44:56+00:00,1416831368319877129,"Yarasa yiyerek koronavirÃ¼s salgÄ±nÄ±nÄ±n baÅŸlamasÄ±na sebep olan Ã‡inli, Monkey B virÃ¼sÃ¼ nedeniyle Ã‡in'de ilk Ã¶lÃ¼mÃ¼n gerÃ§ekleÅŸmesi Ã¼zerine sert konuÅŸtu: ""Maymun da yemezsin yani"" https://t.co/D2WK4vJVcO",DeminHaber
162,2021-07-18 15:49:56+00:00,1416787329465868288,"TÃ¼rkiye - Ä°ran sÄ±nÄ±rÄ±nda Kevgir SÄ±nÄ±r KapÄ±sÄ± hizmet vermeye baÅŸladÄ±. Son teknolojiyle donatÄ±lan tesisteki kapÄ±, hareket sensÃ¶rleri sayesinde otomatik olarak aÃ§Ä±lÄ±p kapanabiliyor. https://t.co/2oqKY7QV7y",DeminHaber
163,2021-07-18 12:00:35+00:00,1416729612273528835,Esiyor ama sÄ±cak esiyor. https://t.co/FpUFC77g2U,DeminHaber
164,2021-07-18 10:58:23+00:00,1416713959990779907,"Mehmet BekaroÄŸlu'na ""okusaydÄ±n a.cÄ±k"" mesajÄ± atan bir kiÅŸi gÃ¶zaltÄ±na alÄ±ndÄ±. https://t.co/51BiHLqqwq",DeminHaber
165,2021-07-18 10:14:51+00:00,1416703004267384836,"AÅIRI SICAK GELÄ°ÅME

Ä°stanbul'da hissedilen sÄ±caklÄ±k 42 dereceye ulaÅŸtÄ±. https://t.co/1Rx2Q0j29D",DeminHaber
166,2021-07-17 19:30:12+00:00,1416480372909608962,"YERLÄ° OTOMOBÄ°LDE SICAK GELÄ°ÅME

Yerli otomobilin Ã¼retileceÄŸi fabrikanÄ±n yemekhanesinin tuvaletinin kapÄ±sÄ±nÄ±n buzlu camlarÄ± takÄ±ldÄ±. https://t.co/KThfL6A6Jt",DeminHaber
167,2021-07-15 15:05:26+00:00,1415688967111024643,Konya'nÄ±n BeyÅŸehir ilÃ§esine baÄŸlÄ± HÃ¼seyinler KÃ¶yÃ¼'nÃ¼n kahvehanesinde oynanan batak oyununun ihalesini Cengiz Holding kazandÄ±. https://t.co/AEYEALzzk5,DeminHaber
168,2021-07-15 14:37:43+00:00,1415681992671203330,"Gaziantep Hayvanat BahÃ§esi'ndeki kafesinden kaÃ§an aslan bakÄ±cÄ±sÄ±nÄ± parÃ§aladÄ±, 3 kiÅŸi de yaralandÄ±. https://t.co/ZDrjCGNysw",DeminHaber
169,2021-07-15 04:27:31+00:00,1415528428883914754,BoÄŸaziÃ§i Ãœniversitesi RektÃ¶rÃ¼ Melih Bulu gÃ¶revden alÄ±ndÄ±. https://t.co/9ENVRcuEee,DeminHaber
170,2021-07-11 16:22:56+00:00,1414258919959040005,Ä°stanbul'da havalarÄ±n Ä±sÄ±nmasÄ±yla birlikte yerler de Ä±sÄ±ndÄ±. https://t.co/ETxkP6mTy9,DeminHaber
171,2021-07-11 16:21:08+00:00,1414258465103622150,@kritikhabertr ğŸ˜˜ SaÄŸol canÄ±m.,DeminHaber
172,2021-07-11 10:23:02+00:00,1414168347252600840,GeÃ§tiÄŸimiz ay Erzincan'dan firar eden 2 bal arÄ±sÄ± Siirt'in Pervari ilÃ§esi kÄ±rsalÄ±nda kÄ±skÄ±vrak yakalandÄ±.,DeminHaber
173,2021-07-11 01:10:49+00:00,1414029376568578048,"SON DAKÄ°KA

Twitter'a ne zaman katÄ±ldÄ±ÄŸÄ±nÄ± hatÄ±rlÄ±yor musun? Ben hatÄ±rlÄ±yorum! #TwitterYÄ±ldÃ¶nÃ¼mÃ¼m https://t.co/9WxgQsLaOO",DeminHaber
174,2021-07-10 20:09:14+00:00,1413953482667790339,CumhurbaÅŸkanÄ± Recep Tayyip ErdoÄŸan DiyarbakÄ±r'da Samsunlu genÃ§lerle buluÅŸtu. https://t.co/fbe1ZE9B8S,DeminHaber
175,2021-07-04 21:57:31+00:00,1411806403589775363,Haberler doÄŸru. https://t.co/GHoPd4kcLV,DeminHaber
176,2021-07-02 15:10:25+00:00,1410979178757951489,"Avrupa BirliÄŸi'nden aÅŸÄ± aÃ§Ä±klamasÄ±: ""Allah belamÄ±zÄ± versin aÅŸÄ±larÄ± Ã¼cretli yapmÄ±yoruz"" https://t.co/HpQehnmgoW",DeminHaber
177,2021-06-30 20:56:56+00:00,1410341606763401216,GÃ¶zaltÄ±na alÄ±ndÄ±. https://t.co/km5YmqaxqJ,DeminHaber
178,2021-06-30 15:03:59+00:00,1410252781726879748,"ErdoÄŸan'Ä±n aÃ§Ä±klamalarÄ± sosyal medyada ""TÄ°P'e mi katÄ±lacak"" sorularÄ±na yol aÃ§tÄ±. https://t.co/LurVMZqIo5",DeminHaber
179,2021-06-26 22:07:02+00:00,1408909696103333894,Erzincan'Ä±n Kemah ilÃ§esinde 2 arÄ± kovanlarÄ±ndan kaÃ§tÄ±. https://t.co/Qfnnben0dP,DeminHaber
180,2021-06-26 20:30:36+00:00,1408885428736905217,"Erzurum'da 8 bin yÄ±llÄ±k kaya resimleri bulundu.

Resimlerde Ramazan'da yemek yiyen bir kiÅŸiyi dÃ¶ven insanlarÄ±n temsili yer alÄ±yor. https://t.co/S51n1C444N",DeminHaber
181,2021-06-26 08:21:58+00:00,1408702063324893186,TÃ¼rkiye Ä°ÅŸÃ§i Partisi'nin milletvekili sayÄ±sÄ± 1 yÄ±lda 2 katÄ±na Ã§Ä±ktÄ±. https://t.co/fPXH7yTw4i,DeminHaber
182,2021-06-23 15:02:08+00:00,1407715604644065287,"Paramount Otelâ€™de kaldÄ±ÄŸÄ± iddia edilen Binali YÄ±ldÄ±rÄ±m suskunluÄŸunu bozdu: ""Maske ve dezenfektan gÃ¶tÃ¼rmÃ¼ÅŸtÃ¼m"" https://t.co/JPZaGHJyeP",DeminHaber
183,2021-06-21 22:08:42+00:00,1407098178059608065,Yeni normalleÅŸme kararlarÄ± gÃ¼ncellendi: Ä°ÅŸletmelerde gece saat 12'den sonra mÄ±y mÄ±y ÅŸarkÄ± sÃ¶yleyen indie gruplar Ã§alÄ±nabilecek. https://t.co/u8XKl6N2gp,DeminHaber
184,2021-06-21 21:51:35+00:00,1407093868718342156,@erhangi_biri @BirGun_Gazetesi @kritikhabertr,DeminHaber
185,2021-06-19 13:00:23+00:00,1406235412725653513,Prof. Dr. Naci GÃ¶rÃ¼r Ä°stanbul depreminin ardÄ±ndan ifadeye Ã§aÄŸrÄ±ldÄ±. https://t.co/5jRWksw77B,DeminHaber
186,2021-06-19 12:48:38+00:00,1406232456416710657,TÃœÄ°K: Depremin bÃ¼yÃ¼klÃ¼ÄŸÃ¼ 3.2 https://t.co/wbYJnLriH3,DeminHaber
187,2021-06-18 18:55:22+00:00,1405962357759750146,@quasimodoremi @dhainternet Ha tamam.,DeminHaber
188,2021-06-18 18:51:36+00:00,1405961411809923075,@quasimodoremi @dhainternet Bi bok anlamadÄ±m.,DeminHaber
189,2021-06-18 18:42:24+00:00,1405959095002320897,SanatÃ§Ä± Levent ÃœzÃ¼mcÃ¼ ifadeye Ã§aÄŸrÄ±ldÄ±ÄŸÄ± iÃ§in ifadeye Ã§aÄŸrÄ±ldÄ±. https://t.co/FB104uxBec,DeminHaber
190,2021-06-18 18:35:00+00:00,1405957234408968193,@Smilinghinc Kesinlikle Ã¶yle bir ÅŸey yok. Haberlerimizde cinsiyetÃ§i yaklaÅŸÄ±m bulunmamaktadÄ±r.,DeminHaber
191,2021-06-18 17:30:50+00:00,1405941084308611075,@Seyyah999 @LeventUzumcu DoÄŸru deÄŸil adamÄ± darlamayÄ±n.,DeminHaber
192,2021-06-18 17:25:20+00:00,1405939701987614728,Ä°stanbul'un elektriÄŸinin %25'ini kullandÄ±ÄŸÄ± tespit edilen Halk TV hakkÄ±nda inceleme baÅŸlatÄ±ldÄ±. https://t.co/WcNpOgQHuG,DeminHaber
193,2021-06-18 13:33:14+00:00,1405881290272952320,"SÄ±la: ""O baktÄ±ÄŸÄ±n gÃ¶zÃ¼m deÄŸil"" https://t.co/qb5DL0f3yA",DeminHaber
194,2021-06-18 12:18:20+00:00,1405862441771220997,Ä°stanbul'da yaÄŸmur atÄ±ÅŸtÄ±rÄ±yor. https://t.co/4LSVBU626q,DeminHaber
195,2021-06-18 12:03:22+00:00,1405858675881918465,"SÄ±la'dan sevgilisi Ä°lker Kaleli'ye: ""O tuttuÄŸun elim deÄŸil""

AyrÄ±ntÄ±lar geliyor https://t.co/RVDBK8kkk9",DeminHaber
196,2021-06-18 11:23:55+00:00,1405848745577697280,SanatÃ§Ä± Levent ÃœzÃ¼mcÃ¼ bir fotoÄŸrafÄ±nda kafasÄ±nÄ± gÃ¶sterdiÄŸi iÃ§in ifadeye Ã§aÄŸrÄ±ldÄ±. https://t.co/50cxUwmZZY,DeminHaber
197,2021-06-15 18:50:28+00:00,1404873963768061955,"GÃ¼nÃ¼n Ã¶nemli baÅŸlÄ±klarÄ±:

- Marmara'da deniz salyasÄ± gÃ¶zlemlendi
- Ã‡in'in Wuhan kentinde virÃ¼s salgÄ±nÄ±
- Berat Albayrak istifa etti https://t.co/h3Rxag3ulD",DeminHaber
198,2021-06-14 20:58:42+00:00,1404543843442348034,E-NabÄ±z durdu. Suni teneffÃ¼s ve kalp masajÄ± yapÄ±lÄ±yor. https://t.co/3fpODx1Vum,DeminHaber
199,2021-06-14 19:15:32+00:00,1404517882764185607,Prof. ErcÃ¼ment OvalÄ± 2. doz Biontech aÅŸÄ±sÄ±nÄ± oldu. https://t.co/0KQXLHvc3a,DeminHaber
200,2021-06-08 17:44:21+00:00,1402320608222924802,TÃ¼rkiye'de mal varlÄ±ÄŸÄ± geÃ§en yÄ±la gÃ¶re %5.8 artÄ±ÅŸ gÃ¶sterdi. https://t.co/c5wKye2JtP,DeminHaber
201,2021-06-08 17:36:49+00:00,1402318711244169225,Antikor oluÅŸtu. https://t.co/iLkrNnasVl,DeminHaber
202,2021-06-08 10:56:23+00:00,1402217941916176387,Ã‡evre BakanlÄ±ÄŸÄ± harekete geÃ§ti: MÃ¼silajÄ±n Karadeniz ve Ege'ye yayÄ±lmamasÄ± iÃ§in boÄŸazlarÄ±n giriÅŸlerine ince delikli muÅŸamba geriliyor. https://t.co/N2ZXgGB6sa,DeminHaber
203,2021-06-08 10:45:10+00:00,1402215117060718595,yaz makyajÄ±,DeminHaber
204,2021-06-08 09:07:02+00:00,1402190420218716162,Marmara Denizi'nden kÃ¼fÃ¼r sesleri geliyor. https://t.co/ieFF5psj7V,DeminHaber
205,2021-06-07 18:33:29+00:00,1401970583060062209,"DÃ¼nya Astroloji EnstitÃ¼sÃ¼ yenilenmiÅŸ burÃ§lar listesini yayÄ±mladÄ±. Liste ÅŸÃ¶yle:

Ocak - AyÄ±
Åubat - Akbaba
Mart - Ã‡akal
Nisan - SÄ±ÄŸÄ±r
MayÄ±s - Kelebek
Haziran - Su aygÄ±rÄ±
Temmuz - Solucan
AÄŸustos - SÄ±Ã§an
EylÃ¼l - Tarantula
Ekim - SÃ¼lÃ¼k
KasÄ±m - Ã‡iyan
AralÄ±k - Deniz hÄ±yarÄ± https://t.co/RAcx9Ark5q",DeminHaber
206,2021-06-07 17:26:40+00:00,1401953771920531461,Youtube'un sevilen kuklasÄ±nÄ±n alkol komasÄ±ndan hastaneye kaldÄ±rÄ±ldÄ±ÄŸÄ± ve durumunun ciddiyetini koruduÄŸu bildirildi. https://t.co/1OXQr39BzG,DeminHaber
207,2021-06-07 17:12:01+00:00,1401950083457949699,Bilecik'te 2 kiÅŸi gÃ¶rÃ¼ntÃ¼lendi. https://t.co/NBwbqv87G0,DeminHaber
208,2021-06-07 16:51:34+00:00,1401944934861742089,Marmara Denizi'nde 128 milyar tonluk mÃ¼silaj yataÄŸÄ± keÅŸfedildi. https://t.co/heQQrtwgu8,DeminHaber
209,2021-06-07 12:26:39+00:00,1401878269075595264,Ahmet ÅÄ±k hakkÄ±nda resen soruÅŸturma baÅŸlatÄ±ldÄ±. Ahmet ÅÄ±k'a soruÅŸturma aÃ§ma kotasÄ±nÄ± ayÄ±n ilk haftasÄ±nda dolduran adalet sisteminde gerginlik hakim. https://t.co/YCst4rZ0YD,DeminHaber
210,2021-06-07 11:57:33+00:00,1401870947062321152,@saykodinamik SÃ¶ylenti haberciliÄŸi yapmÄ±yoruz.,DeminHaber
211,2021-06-07 11:44:15+00:00,1401867597323423746,GÃ¶kyÃ¼zÃ¼nde yalnÄ±z gezen yÄ±ldÄ±zlarÄ± taciz ederken yakalanan zanlÄ± ifadesinin alÄ±nmasÄ±nÄ±n ardÄ±ndan serbest bÄ±rakÄ±ldÄ±. https://t.co/5YEPFlCo7O,DeminHaber
212,2021-06-07 11:02:20+00:00,1401857049357688834,Van Gogh'un Marmara'da MÃ¼silaj isimli Ã§alÄ±ÅŸmasÄ± aÃ§Ä±k artÄ±rmada 128 milyon dolara alÄ±cÄ± buldu. https://t.co/ds1La14xtQ,DeminHaber
213,2021-06-05 15:20:21+00:00,1401197204069625860,"Facetime uygulamasÄ±nÄ±n mucidi Alexander Facetime'dan Sedat Peker yorumu: ""AKP'yi bitirdi resmen."" https://t.co/bvmvnyZRFH",DeminHaber
214,2021-06-05 12:35:39+00:00,1401155758155313152,BostancÄ±'dan mÃ¼silaj Ã¼zerinde yÃ¼rÃ¼meye baÅŸlayan 17 kiÅŸilik kafile BandÄ±rma'ya ulaÅŸtÄ±. https://t.co/gDXjxAqnpT,DeminHaber
215,2021-06-03 13:45:16+00:00,1400448502933590022,"Sedat Peker'den her ay 10 000 dolar alan milletvekili sonunda konuÅŸtu: ""Mafyadan haraÃ§ almÄ±ÅŸ adamÄ±m :D"" https://t.co/hnUzHIfTuV",DeminHaber
216,2021-06-01 15:37:29+00:00,1399751964779593736,"""Mars'ta Delik AÃ§Ä±ldÄ±"" haberine Yozgat'ta eriÅŸim engeli getirildi.

ğŸ“·: NASA https://t.co/9ODfRNWVxr",DeminHaber
217,2021-06-01 15:23:37+00:00,1399748474489421830,"Van GÃ¶lÃ¼'nde Turist Rekoru

Van GÃ¶lÃ¼'nÃ¼ son kez gÃ¶rmek isteyen vatandaÅŸlar Ã¼lkenin dÃ¶rt bir yanÄ±ndan Van'a akÄ±n ediyor. https://t.co/RuPaoxmiMp",DeminHaber
218,2021-06-01 10:33:17+00:00,1399675413375430660,@tavuksote123 https://t.co/eBnJ76DXuL,DeminHaber
219,2021-06-01 09:43:43+00:00,1399662935979528194,HayÄ±rsever iÅŸ insanÄ± Erkam YÄ±ldÄ±rÄ±m'la ilgili ilginÃ§ iddia: Venezuela ziyaretinde sokakta maskesiz gÃ¶rdÃ¼ÄŸÃ¼ bir Ã§ocuÄŸa Ã§Ä±karÄ±p kendi maskesini takmÄ±ÅŸ. ğŸ˜Œ https://t.co/qc9BTtpopK,DeminHaber
220,2021-05-25 19:56:45+00:00,1397280497621999616,Google'dan bulduk.,DeminHaber
221,2021-05-25 19:56:35+00:00,1397280454634614785,SÃ¼leyman Soylu'nun Recep Tayyip ErdoÄŸan'la fotoÄŸrafÄ± ortaya Ã§Ä±ktÄ±. https://t.co/0J6hxi57wj,DeminHaber
222,2021-05-25 18:06:22+00:00,1397252720751427587,@dusunenhayvan_ https://t.co/YJKe65Tpf5,DeminHaber
223,2021-05-25 16:08:27+00:00,1397223045014691845,"SÃ¼leyman Soylu: ""SÃ¼leyman Soylu diye birini tanÄ±mÄ±yorum, hayatÄ±mda yan yana gelmiÅŸliÄŸim yoktur."" https://t.co/ihahoSjDZF",DeminHaber
224,2021-05-25 15:46:53+00:00,1397217614548672513,Berat Albayrak istifa etti. https://t.co/htbLQkTTXE,DeminHaber
225,2021-05-24 19:57:45+00:00,1396918362526130178,HabertÃ¼rk'teki AÃ§Ä±k ve Net Ã–zel programÄ±nÄ±n adÄ± KapalÄ± ve BulanÄ±k Genel olarak deÄŸiÅŸtirildi. https://t.co/Hfri4yH636,DeminHaber
226,2021-05-24 19:36:13+00:00,1396912942361219074,Programdan anladÄ±ÄŸÄ±mÄ±z kÄ±smÄ±nÄ± yazabildik.,DeminHaber
227,2021-05-24 19:35:42+00:00,1396912810639167494,"SÃ¼leyman Soylu: ""KÃ¼bra HanÄ±m hoÅŸbulduk"" https://t.co/Epc3D0Fibv",DeminHaber
228,2021-05-24 19:13:08+00:00,1396907134533652482,"GeÃ§en hafta seyyar esnaflÄ±k yapÄ±yordu, ÅŸimdi fabrikasÄ± var: ""SÃ¼leyman Soylu'dan Allah razÄ± olsun"" https://t.co/zIx0fz8Ujr",DeminHaber
229,2021-05-24 18:59:14+00:00,1396903634550525955,"SÃ¼leyman Soylu: ""Lorem ipsum dolor sit amet, consectetur adipiscing elit. Mauris ac libero eget nunc finibus venenatis nec eu sapien."" https://t.co/tn5yfNm1i0",DeminHaber
230,2021-05-24 18:48:47+00:00,1396901005023907842,Veyis AteÅŸ iÃ§in programa ara verildi. #HabertÃ¼rk https://t.co/fB4bEGlycH,DeminHaber
231,2021-05-24 18:39:49+00:00,1396898747091722248,CANLI - Gazeteciler SÃ¼leyman Soylu'nun sorularÄ±nÄ± cevaplÄ±yor. #HabertÃ¼rk https://t.co/16J2dbS0I6,DeminHaber
232,2021-05-24 18:33:43+00:00,1396897214824435714,SÃ¼leyman Soylu cÃ¼mlenin sonuna gelene kadar cÃ¼mlenin baÅŸÄ±nÄ± unutan 22 kiÅŸi hastanelere kaldÄ±rÄ±lÄ±yor. https://t.co/XpemxXJqJg,DeminHaber
233,2021-05-23 19:59:59+00:00,1396556535833182218,Binali YÄ±lÄ±dÄ±rÄ±m'Ä±n oÄŸlu BoÄŸaziÃ§i KÃ¶prÃ¼sÃ¼'nde intihar etmek Ã¼zere olan bir genci kurtardÄ±. https://t.co/wQjqrMd56a,DeminHaber
234,2021-05-23 14:39:06+00:00,1396475783150022661,@sonradanateist @vaziyetcomtr @kritikhabertr,DeminHaber
235,2021-05-23 14:34:28+00:00,1396474618408484864,Mersin LimanÄ±'nda beyaz leblebi yapÄ±mÄ±nda kullanÄ±lan 20 ton normal leblebi ele geÃ§irildi. https://t.co/JJbX7YzDuP,DeminHaber
236,2021-05-23 13:50:30+00:00,1396463552723144704,Uruguay devleti haberi yalanladÄ±.,DeminHaber
237,2021-05-23 13:24:52+00:00,1396457102323994628,Ä°ktidar cephesi aÃ§Ä±klama yapmak iÃ§in kafasÄ±nÄ±n gelmesini bekliyor. https://t.co/2Flk3hGENd,DeminHaber
238,2021-05-23 12:37:09+00:00,1396445093608017926,Ali Babacan Twitter hesabÄ±ndan boyama kitabÄ± paylaÅŸtÄ±. https://t.co/Gz7iavDYf2,DeminHaber
239,2021-05-23 11:36:55+00:00,1396429933774266370,BaÄŸcÄ±lar'da beyaz peynir tartÄ±ÅŸmasÄ±: 2 yaralÄ±. https://t.co/z2jN7FQmRQ,DeminHaber
240,2021-05-23 08:10:34+00:00,1396378006558593024,Kararnamesi Ã§Ä±ktÄ±: Kolombiya'dan adaÃ§ayÄ± ithal edilecek. https://t.co/gZ2CASQCLO,DeminHaber
241,2021-05-22 19:01:38+00:00,1396179462484594693,Mersin LimanÄ±'nda 2 gram esrar ele geÃ§irildi. https://t.co/0DmBVrg89f,DeminHaber
242,2021-05-21 23:32:29+00:00,1395885238438535171,Resmi gazete yayÄ±mlandÄ±. Emdik. https://t.co/VeTRQpsnsh,DeminHaber
243,2021-05-21 23:07:28+00:00,1395878942087827459,Bolu - Resmi Gazete'nin yayÄ±mlanmasÄ±nÄ± bekleyen bir genÃ§ kalp krizi geÃ§irdi. https://t.co/heQ5Nhb1HW,DeminHaber
244,2021-05-21 18:25:42+00:00,1395808034539163654,"SÃ¼leyman Soylu'nÄ±n danÄ±ÅŸmanÄ± Mazhar YÄ±ldÄ±rÄ±mhan: ""Soyluya ve hÃ¼kÃ¼mete suikast dÃ¼zenlenmiÅŸritirirtir."" https://t.co/sHVmR6AgbO",DeminHaber
245,2021-05-19 18:48:14+00:00,1395088926902296586,SaÄŸlÄ±k BakanÄ± SÃ¼leyman Soylu TRT Haber'de aÃ§Ä±klamalarda bulunuyor. https://t.co/N9JiARf7lv,DeminHaber
246,2021-05-19 17:39:07+00:00,1395071535589773314,"Hadi Ã–zÄ±ÅŸÄ±k, iktidarÄ±n ayrÄ±calÄ±klÄ±lar listesinden Ã§Ä±karÄ±ldÄ±. https://t.co/v6kBIHt8OV",DeminHaber
247,2021-05-18 20:21:02+00:00,1394749892686487556,Video arÅŸiv platformu GayretullahTV aylÄ±k 9.90 TL Ã¼yelik bedeliyle eriÅŸime aÃ§Ä±lÄ±yor. https://t.co/n0octPWku2,DeminHaber
248,2021-05-15 23:07:50+00:00,1393704708099956737,Fatih Terim'in Galatasaray-Milli TakÄ±m dÃ¶ngÃ¼sÃ¼nde MerkÃ¼r Milli TakÄ±m retrosuna girdi. https://t.co/Q9tYrXA5h2,DeminHaber
249,2021-05-15 19:29:15+00:00,1393649699022950401,"2020-2021 SÃ¼per Lig Åampiyonu olan BeÅŸiktaÅŸ'Ä± tebrik ederiz.

(Ã‡ok ÅŸÃ¼kÃ¼r) https://t.co/uShZD7iwzc",DeminHaber
250,2021-05-15 17:49:48+00:00,1393624669383708675,"GOOOOOL!!!
 
Ranheim 1-0  Grorud IL https://t.co/Zn3t2036DH",DeminHaber
251,2021-05-14 17:02:12+00:00,1393250302049013761,@kritikhabertr ğŸ¥°,DeminHaber
252,2021-05-14 16:17:06+00:00,1393238955152355328,Seni seviyorum https://t.co/POpzemgLlN,DeminHaber
253,2021-05-13 23:31:42+00:00,1392985937957822467,@laledil2 @islakmeseodunu TeÅŸekkÃ¼r ederiz :&gt;,DeminHaber
254,2021-05-13 23:29:17+00:00,1392985331042037762,@laledil2 @islakmeseodunu ğŸ¤­,DeminHaber
255,2021-05-13 23:27:15+00:00,1392984815402684417,@laledil2 @islakmeseodunu Lale HanÄ±m oltaya geldi. https://t.co/CDTFbziyJ6,DeminHaber
256,2021-05-13 21:50:33+00:00,1392960481472749568,Twitter devlet hesaplarÄ±ndan atÄ±lacak tweetler iÃ§in onay butonu ekledi. https://t.co/nMmN9u3FQ0,DeminHaber
257,2021-05-13 19:16:31+00:00,1392921716419178509,BÃ¼yÃ¼k vatandaÅŸlarÄ±n turistleri Ã¼rkÃ¼tmemesi iÃ§in turistik tesislerde yalnÄ±zca 1.50-1.60 metre boylarÄ±ndaki kÃ¼Ã§Ã¼k ve sevimli vatandaÅŸlar Ã§alÄ±ÅŸabilecek. https://t.co/UAdUgM88Cq,DeminHaber
258,2021-05-13 18:41:58+00:00,1392913021471703053,BugÃ¼n aÅŸaÄŸÄ±lanan vatandaÅŸ sayÄ±sÄ±: 83.614.362 https://t.co/lPnDawVvOd,DeminHaber
259,2021-05-13 17:23:39+00:00,1392893315964706818,"Yetkililerden taÅŸÄ±t kaÃ§Ä±ran ÅŸahÄ±sla ilgili aÃ§Ä±klama: ""ÅahsÄ±n kimliÄŸini henÃ¼z tespit edemedik ancak arkadaÅŸlarÄ± ÅŸahsÄ±n ekonomik bir probleminin olmadÄ±ÄŸÄ±nÄ±, son zamanlarda eÅŸiyle problem yaÅŸadÄ±ÄŸÄ±nÄ± ve psikolojik destek aldÄ±ÄŸÄ±nÄ± belirttiler"" https://t.co/yMU0heQsiu",DeminHaber
260,2021-05-11 22:27:05+00:00,1392244898062086151,c,DeminHaber
261,2021-05-11 22:26:57+00:00,1392244865661034503,C,DeminHaber
262,2021-05-11 22:21:47+00:00,1392243565804261376,"Prof. ErÃ¼ment OvalÄ±: ""KoronavirÃ¼s aÅŸÄ±sÄ±nda Faz 29 klinik deneylerini tamamladÄ±k"" https://t.co/7xnx7mnR2z",DeminHaber
263,2021-05-11 21:52:06+00:00,1392236097892200450,Ã‡etelere yapÄ±lan eÅŸzamanlÄ± operasyonlarda 21 Ã§ete Ã¼yesi ve operasyona katÄ±lan polislerden 7'si gÃ¶zaltÄ±na alÄ±ndÄ±. https://t.co/yMcWAV6WIA,DeminHaber
264,2021-05-11 17:14:44+00:00,1392166293906862089,"2021 Åampiyonlar Ligi finali, Ä°stanbul'dan alÄ±narak Portekiz'in en bÃ¼yÃ¼k ikinci ÅŸehri Porto'ya verildi. Olimpiyat StadÄ±'nÄ±n miting amaÃ§lÄ± kullanÄ±labilecek olmasÄ± ise vatandaÅŸlarÄ± sevindirdi.",DeminHaber
265,2021-05-11 15:59:09+00:00,1392147275472941058,"SaÄŸlÄ±k BakanÄ± Koca aÃ§Ä±klama yapÄ±yor.

Bu da Harpia kartalÄ± ğŸ¥° https://t.co/PrwYpRuzn8",DeminHaber
266,2021-05-11 15:37:34+00:00,1392141841974403073,#TurkishGP 2021 Formula 1 takviminden Ã§Ä±kartÄ±ldÄ±. Ä°stanbul Park Pisti'nin artÄ±k miting amaÃ§lÄ± kullanÄ±labilecek olmasÄ± vatandaÅŸlarÄ± sevindirdi. https://t.co/j4TezGp3ut,DeminHaber
267,2021-05-11 15:10:34+00:00,1392135047654875136,"Mustafa SarÄ±gÃ¼l: ""Herkesin beklediÄŸi godot benim"" https://t.co/ZogTChGYpK",DeminHaber
268,2021-05-11 14:33:21+00:00,1392125679978913794,Devlet BahÃ§eli mafya liderlerini solculukla itham etti. https://t.co/qUTxO02CIb,DeminHaber
269,2021-05-11 10:59:29+00:00,1392071857818513410,"Google Trends 2020 yÄ±lÄ±nda en Ã§ok ""insan eti"" aramasÄ± yapan ÅŸehirleri aÃ§Ä±kladÄ±. https://t.co/WrflRQUAn8",DeminHaber
270,2021-05-10 22:44:22+00:00,1391886861048717318,"YeÅŸilyurt'ta protestoculara ""asfaltÄ± yeni yÄ±kadÄ±k kaldÄ±rÄ±mdan gidin"" anonsu yapÄ±lÄ±yor. https://t.co/5D8vUmzpdm",DeminHaber
271,2021-05-10 21:56:11+00:00,1391874734334349314,"YERLÄ° AÅININ Ä°SMÄ° BELLÄ° OLDU

OsmanlÄ± dÃ¶neminde tÄ±p alanÄ±nda Ã¶nemli eserler vermiÅŸ TÃ¼rk bir hekim ve cerrah olan SabuncuoÄŸlu Åeraffeddin'e ithafen yerli aÅŸÄ±nÄ±n ismi ""SabuncuoÄŸlu Åeraffeddin 2023"" olarak belirlendi. https://t.co/9v5u4PTNZi",DeminHaber
272,2021-05-10 20:10:33+00:00,1391848152957861894,Panama'da biraz bir ÅŸey yakalandÄ±. https://t.co/rSimeR7qmL,DeminHaber
273,2021-05-10 17:57:23+00:00,1391814639730757633,TRABZON - Sokak ortasÄ±nda aniden fenalaÅŸarak bayÄ±lan bir kiÅŸi hastaneye son anda yetiÅŸtirildi. YaklaÅŸÄ±k 1 aydÄ±r kongreye gitmediÄŸi anlaÅŸÄ±lan vatandaÅŸ eski kongreler izletildikten sonra taburcu edildi. https://t.co/5YRioDyMcH,DeminHaber
274,2021-05-10 17:06:14+00:00,1391801769760546820,BBC TÃ¼rkÃ§e'nin paylaÅŸtÄ±ÄŸÄ± konaklama tesisi fotoÄŸrafÄ±ndaki personelin maske takmamasÄ± sosyal medyada tepki Ã§ekti. https://t.co/FPLdnIBIMY,DeminHaber
275,2021-05-10 16:18:06+00:00,1391789652965838849,Marul geldi. https://t.co/yyKkXKewGq,DeminHaber
276,2021-05-10 16:14:43+00:00,1391788801429811203,@Vincennzodeluca @tryagainpezo Durun liste yapayÄ±m bari.,DeminHaber
277,2021-05-10 15:50:24+00:00,1391782684867895307,@tryagainpezo Tamam.,DeminHaber
278,2021-05-10 15:09:52+00:00,1391772483196493828,"Hindistan'da Covid-19 hastalarÄ±na inek idrarÄ± ve gÃ¼bresi verilen tedavi merkezi mÃ¼slÃ¼man Hintlilerin alay konusu oldu: ""Ä°nek deÄŸil de deve idrarÄ± olmasÄ±n?"" https://t.co/UiMwjbK5RP",DeminHaber
279,2021-05-10 14:56:21+00:00,1391769082630918153,"TÃœÄ°K mart ayÄ± rakamlarÄ±nÄ± aÃ§Ä±kladÄ±: 2, 5, 6, 9 https://t.co/5XfbE28sht",DeminHaber
280,2021-05-10 14:34:09+00:00,1391763496510054401,"SaÄŸlÄ±k BakanÄ± Koca, illere gÃ¶re haftalÄ±k vaka sayÄ±sÄ± haritasÄ±nÄ± paylaÅŸtÄ±.

Bu da Japon gelinciÄŸi ğŸ¥° https://t.co/fLUCeX5CNn",DeminHaber
281,2021-05-10 12:48:30+00:00,1391736906057195520,TÃ¼rkiye'nin 4 gÃ¼nlÃ¼k pedi kaldÄ±. https://t.co/Ak1FBmofuN,DeminHaber
282,2021-05-09 19:19:14+00:00,1391472851480371200,"KONYA - Deep Web'te ped satÄ±ÅŸÄ± yaptÄ±ÄŸÄ± kiÅŸi polis Ã§Ä±ktÄ±, teslimatta gÃ¶zaltÄ±na alÄ±ndÄ±. https://t.co/HcReqcTqAD",DeminHaber
283,2021-05-09 18:22:21+00:00,1391458536660652037,@erhangi_biri H2G2 gibi,DeminHaber
284,2021-05-09 18:21:37+00:00,1391458351012356102,"82 yaÅŸÄ±nda Ã¶len amcanÄ±n yeni bir seccade alamamÄ±ÅŸ olmasÄ± soyal medyada Ã¼zÃ¼ntÃ¼yle karÅŸÄ±landÄ±: ""Ekonomik kriz kimseyi es geÃ§miyor"" https://t.co/fO0RgFRucl",DeminHaber
285,2021-05-09 17:26:03+00:00,1391444366481399815,"Diyanet BaÅŸkanÄ± Ali ErbaÅŸ: ""Aile kurumu Ã§Ã¶zÃ¼ldÃ¼kÃ§e alkol artÄ±yor"" https://t.co/3WGxmBjsMj",DeminHaber
286,2021-05-09 17:08:24+00:00,1391439926118473730,"FELAKET SON ANDA Ã–NLENDÄ°!

Ä°zmir'de yapÄ±lan baÅŸarÄ±lÄ± operasyonda kripto para yapÄ±mÄ±nda kullanÄ±lan 501 adet kasa, Ã§ok sayÄ±da sarf malzemesi ve ETHBT-C Ã¶rgÃ¼tÃ¼ne ait Ã¶rgÃ¼tsel dokÃ¼manlar ele geÃ§irildi. https://t.co/MCajRfrygj",DeminHaber
287,2021-05-09 15:04:43+00:00,1391408800134012939,"Ä°Ã§iÅŸleri BakanlÄ±ÄŸÄ±'ndan Ã¼nlÃ¼ Youtuber Sedat Peker hakkÄ±nda ÅŸok aÃ§Ä±klama: ""Sedat Pekerâ€™in organize suÃ§a yÃ¶nelik faaliyetleri tespit edildi"" https://t.co/wKKPNNJc2E",DeminHaber
288,2021-05-09 14:37:10+00:00,1391401865334726664,"Hemoroid HastalarÄ± DayanÄ±ÅŸma DerneÄŸi 2H2D'den fedakarlÄ±k aÃ§Ä±klamasÄ±: ""Bizden buraya kadar"" https://t.co/rJ1T39RdNp",DeminHaber
289,2021-05-09 14:11:25+00:00,1391395384564535300,"Ã–ZÃœR ve DÃœZELTME:

DeÄŸerli okurlarÄ±mÄ±z, yanlÄ±ÅŸ kirmizi_bulten.jpg gÃ¶rselini paylaÅŸmÄ±ÅŸÄ±z. Ã–zÃ¼r dileriz.",DeminHaber
290,2021-05-09 14:09:10+00:00,1391394819558318080,"SÃ¼leyman Soylu: ""Bir Ã¼lkede Ana Muhalefet Partisi Genel BaÅŸkanÄ±, KÄ±rmÄ±zÄ± BÃ¼lten talep edilen organize suÃ§ Ã¶rgÃ¼tÃ¼ yÃ¶neticisinin, gÃ¼venlik gÃ¼Ã§lerimize yÃ¶nelik iftira ve akla sÄ±ÄŸmayan ithamlarÄ±na sÄ±ÄŸÄ±narak siyaset yapar mÄ±?"" https://t.co/YzXmmsZ4Jb",DeminHaber
291,2021-05-08 22:34:16+00:00,1391159545225957378,"KitabÄ±nda ""bir kadÄ±nÄ± tavlayÄ±p onunla eve gelerek sÄ±rtÄ±mÄ± dÃ¶nÃ¼p uyumak bana tatmin veriyordu"" dediÄŸi ortaya Ã§Ä±kan BarÄ±ÅŸ Murat YaÄŸcÄ± soru iÅŸaretlerine yol aÃ§tÄ±: ""Yoksa iktidarsÄ±z mÄ±?"" https://t.co/2aiNd1tvdm",DeminHaber
292,2021-05-08 22:08:12+00:00,1391152984025976832,Ã‡in'in kontrolden Ã§Ä±kan roketi https://t.co/rl2IK9XQQx,DeminHaber
293,2021-05-07 22:56:37+00:00,1390802781754339332,"Ä°ktidar partisinin tamamÄ± erkeklerden oluÅŸan kadÄ±n kollarÄ± yÃ¶netim kurulundan ped yasaÄŸÄ±na tepki: ""Ped ne?"" https://t.co/eZHTW6hjli",DeminHaber
294,2021-05-07 22:04:26+00:00,1390789648071413761,Ã–' geldi https://t.co/qWINySFuqQ,DeminHaber
295,2021-05-07 20:53:19+00:00,1390771752310124551,E-Devlet'ten alÄ±nan regl izin belgesinin sÃ¼resi 3 gÃ¼n uzatÄ±ldÄ±. https://t.co/5XH8vLpsWW,DeminHaber
296,2021-05-07 13:11:04+00:00,1390655422131056644,"AK Parti muhalefet tarafÄ±ndan da beÄŸenilen, yanlÄ±ÅŸlÄ±kla milli birlik ve beraberliÄŸe neden olabilecek paylaÅŸÄ±mÄ± kaldÄ±rdÄ±. https://t.co/uHAbngSGhy",DeminHaber
297,2021-05-06 20:19:42+00:00,1390400903799349252,https://t.co/hO0SOeD825,DeminHaber
298,2021-05-06 19:16:46+00:00,1390385065402720257,Tarak https://t.co/DklEPhK4Yw,DeminHaber
299,2021-05-06 18:51:51+00:00,1390378797309046789,Turistik beldede aÅŸÄ±lanÄ±rken kaÃ§an vatandaÅŸ uzun sÃ¼ren kovalamacanÄ±n ardÄ±ndan uyuturucu iÄŸneli tÃ¼fek gibi bir ÅŸeyle sakinleÅŸtirildikten sonra aÅŸÄ±landÄ±. https://t.co/1tzZcdujCF,DeminHaber
300,2021-05-06 11:04:19+00:00,1390261134922600448,Ã–zel ekipler turistik bÃ¶lgelerde aÅŸÄ±sÄ±z vatandaÅŸlarÄ± yakalamaya baÅŸladÄ±. https://t.co/ytItZNtZ8n,DeminHaber
301,2021-05-06 10:50:31+00:00,1390257664681201672,SaÄŸlÄ±k BakanlÄ±ÄŸÄ± turist dostu yeni maske modellerini tanÄ±ttÄ±. https://t.co/SANox6oIQf,DeminHaber
302,2021-05-05 18:29:07+00:00,1390010687066451970,Ã‡apamag Ekonomi yanlÄ±ÅŸlÄ±kla kÃ¼fÃ¼rlÃ¼ iÃ§erik paylaÅŸtÄ± diye yaz sen ben bilgisayar baÅŸÄ±nda deÄŸilim amk. https://t.co/t28WmxmKXH,DeminHaber
303,2021-05-05 11:38:16+00:00,1389907292942909442,Prens Philip'in vefat nedeni belli oldu: Ã–lÃ¼m. https://t.co/UukpY2axji,DeminHaber
304,2021-05-05 11:00:43+00:00,1389897841678630912,"TARÄ°HTE BUGÃœN | 5 MayÄ±s

1961 - Alan Shepard, ABDâ€™nin uzaya gÃ¶nderdiÄŸi ilk insan oldu.

2020 - DarÄ±ca Hayvanat BahÃ§esi'nin sevimli sakini maymun George Ã¶ldÃ¼. Kendisine Allah'tan rahmet, yakÄ±nlarÄ±na baÅŸ saÄŸlÄ±ÄŸÄ± diliyoruz.

2020 - Kadir MÄ±sÄ±roÄŸlu Ã¶ldÃ¼.",DeminHaber
305,2021-05-04 18:04:03+00:00,1389641990757920768,Christopher Nolan Inception 2:Limbo filminin Ã§ekimlerini YalÄ±ncak PlajÄ±'nda yapacaÄŸÄ±nÄ± aÃ§Ä±kladÄ±. https://t.co/zgZ3arf3Bw,DeminHaber
306,2021-05-04 17:36:34+00:00,1389635075881504779,"Ã–ZEL HABER

Demin Haber ekibi genelge dosyalarÄ±na ulaÅŸtÄ±. https://t.co/ULB728gZey",DeminHaber
307,2021-05-04 16:46:51+00:00,1389622563970686977,"Ä°Ã§iÅŸleri BakanlÄ±ÄŸÄ± ""Ã§ok Ã§ok Ã§ok pardon birkaÃ§ ÅŸey unutmuÅŸuz"" baÅŸlÄ±klÄ± bir genelge yayÄ±nladÄ±. https://t.co/ztrWcHarw0",DeminHaber
308,2021-05-03 22:34:31+00:00,1389347669538127874,BirkaÃ§ ÅŸey daha yasaklandÄ±. https://t.co/hjCR9HNGhs,DeminHaber
309,2021-05-03 19:28:15+00:00,1389300791517843465,"CHP, CumhurbaÅŸkanÄ±nÄ±n TCMB BaÅŸkanÄ±nÄ± gÃ¶revden alma yetkisini iptal eden bir kanun teklreddedildi. https://t.co/SZiNpzr1oH",DeminHaber
310,2021-05-03 16:25:51+00:00,1389254891198111745,TCMB 2021'in ilk Ã§eyreÄŸinde Japonya gibi dÃ¼nya devlerini geride bÄ±rakÄ±p en Ã§ok altÄ±n satan merkez bankasÄ± oldu. https://t.co/He9SqdR5tM,DeminHaber
311,2021-05-03 08:19:01+00:00,1389132374634606594,"CANLI

Kemal KÄ±lÄ±Ã§daroÄŸlu, alkol yasaÄŸÄ±na imza atan CHP'li belediye baÅŸkanlarÄ±nÄ±n ailelerine sesleniyor. https://t.co/2KZByE3QXS",DeminHaber
312,2021-05-02 13:49:00+00:00,1388853028032241667,"Bilim Kurulu Ãœyesi: ""KaynaÄŸÄ± belli olmayan haberlere itibar etmeyin"" https://t.co/NCVna3rZj9",DeminHaber
313,2021-05-02 12:17:17+00:00,1388829947406528513,"SICAK GELÄ°ÅME

Berat Albayrak istifa mÄ± etti? https://t.co/aIIC0rql4T",DeminHaber
314,2021-05-01 12:43:29+00:00,1388474155285237761,"SON DAKÄ°KA:

Diyer haber sitelerinden daha Ã§ok ciddiye alÄ±nmaktan gurur duyuyoruz. https://t.co/YPUYGmQenP",DeminHaber
315,2021-04-27 10:24:29+00:00,1386989623516217345,Piyasaya 35'lik ve 70'lik kolonya sÃ¼rmeye hazÄ±rlanan firmaya yapÄ±lan baskÄ±nda gÃ¶rme engelli firma sahibi gÃ¶zaltÄ±na alÄ±ndÄ±. https://t.co/AdPxzFhwOC,DeminHaber
316,2021-04-27 10:10:21+00:00,1386986063340711937,@___geveze___ @xcukee Bizim Ã¶yle bir haberimiz yok.,DeminHaber
317,2021-04-26 22:05:43+00:00,1386803705358569476,17 gÃ¼nlÃ¼k tam kapanma genelgesi yayÄ±nlandÄ±: Ä°ÅŸsizler hariÃ§ herkes sokaÄŸa Ã§Ä±kabilecek. https://t.co/zYP585gmYX,DeminHaber
318,2021-04-23 23:09:40+00:00,1385732633418772481,Thodex ve Vebitcoin borsalarÄ±nÄ±n ardÄ±ndan https://t.co/ogxCLwHOum borsasÄ± da kapandÄ±. https://t.co/HHRSkg0dnR,DeminHaber
319,2021-04-15 19:55:12+00:00,1382784593753956357,128 MÄ°LYAR DOLAR https://t.co/h4MVUhT1G0,DeminHaber
320,2021-04-12 19:02:48+00:00,1381684241042399243,Ã‡orum'dan gece yola Ã§Ä±kan leblebi yÃ¼klÃ¼ pikap Ä°stanbul'a ulaÅŸtÄ±. https://t.co/cviY80mYTR,DeminHaber
321,2021-04-11 21:58:03+00:00,1381365956530872322,Prof. ErcÃ¼ment OvalÄ± aÅŸÄ± Ã§alÄ±ÅŸmalarÄ±na baÅŸladÄ±. https://t.co/TXSBInX4Mi,DeminHaber
322,2021-03-26 13:15:11+00:00,1375436167840157699,Berat kandili yarÄ±n. https://t.co/c45OMGaLmX,DeminHaber
323,2021-03-22 13:47:51+00:00,1373994839537287168,Ä°stanbul'da gÃ¶k gÃ¼rledi. https://t.co/FwurPaZs0l,DeminHaber
324,2021-03-22 13:13:11+00:00,1373986113472331776,"FenerbahÃ§e Spor KulÃ¼bÃ¼'nÃ¼n Ä°stanbul SÃ¶zleÅŸmesi'ne desteÄŸinden sonra gÃ¶zler BeÅŸiktaÅŸ, Galatasaray ve Trabzonspor'a Ã§evrildi. Yok sen BeÅŸiktaÅŸ ve Galatasaray'a  diye dÃ¼zeltip gÃ¶nder tiviti ben bilgisayar baÅŸÄ±nda deÄŸilim.",DeminHaber
325,2021-03-21 20:46:36+00:00,1373737831173136387,Berat Albayrak istifa etti. https://t.co/BP9qIpORXV,DeminHaber
326,2021-03-19 08:07:26+00:00,1372822005687406615,Dolar gÃ¼ne 4 kuruÅŸluk sert dÃ¼ÅŸÃ¼ÅŸle baÅŸladÄ±. https://t.co/9KRJBxuMwQ,DeminHaber
327,2021-03-11 18:52:57+00:00,1370085353030352896,Deprem olmadÄ± ama olabilirdi. https://t.co/1ZmLePmOA4,DeminHaber
328,2021-03-09 20:34:23+00:00,1369386103275405316,Vallahi bunaldÄ±k https://t.co/UtdjZ5xWej,DeminHaber
329,2021-03-07 21:49:33+00:00,1368680242714443783,B https://t.co/QKJHY7c6kk,DeminHaber
330,2021-03-06 13:15:33+00:00,1368188501578166280,"KoronavirÃ¼s testi pozitif Ã§Ä±kan Diyanet Ä°ÅŸleri BaÅŸkanÄ±'nÄ±n ""dualarÄ±nÄ±zÄ± bekliyorum"" aÃ§Ä±klamasÄ±na sela ile cevap veren 1 kiÅŸi gÃ¶zaltÄ±na alÄ±ndÄ±. https://t.co/DENZQbqZ7f",DeminHaber
331,2021-03-03 23:28:10+00:00,1367255508034461700,Uyku tutmadÄ± https://t.co/P8Gjcx7VYb,DeminHaber
332,2021-02-25 11:55:26+00:00,1364906848634228737,Berat Albayrak istifa etti. https://t.co/I6lDwih8wa,DeminHaber
333,2021-02-23 08:36:49+00:00,1364132090862829570,"Ä°ZMÄ°R - Berat Albayrak'a CV gÃ¶nderdiÄŸi ortaya Ã§Ä±kan Ã–zgÃ¼r DemirtaÅŸ'Ä±n hayranÄ± 2 Ã¶ÄŸrenci, geÃ§tiÄŸimiz sene yaptÄ±klarÄ± robota koyduklarÄ± Cumhuriyet ismini 15 Temmuz Åehitler Robotu olarak deÄŸiÅŸtirdi. https://t.co/XYbffCBEUp",DeminHaber
334,2021-02-18 21:38:47+00:00,1362516939713761281,Mars'tan ilk gÃ¶rÃ¼ntÃ¼ler gelmeye devam ediyor. #CountdownToMars https://t.co/wuZqFoSVVX,DeminHaber
335,2021-02-18 21:12:00+00:00,1362510200192835585,Konya'da NASA'ya ait bir araÃ§ bulundu. https://t.co/96yTSm9q2M,DeminHaber
336,2021-02-17 17:55:01+00:00,1362098239680499716,Berat Albayrak https://t.co/RHtWAyUCrB,DeminHaber
337,2021-02-17 17:49:18+00:00,1362096799889166340,ErdoÄŸan'Ä±n konuÅŸmalarÄ±nÄ± hazÄ±rlayan ekibe yeni klavyeleri tÃ¶renle teslim edildi. https://t.co/lFP2I4sjmu,DeminHaber
338,2021-02-15 20:55:49+00:00,1361418965474439168,"SaÄŸlÄ±k BakanÄ± Fahrettin Koca, TÃ¼rkiye'de ilk vakanÄ±n aÃ§Ä±klandÄ±ÄŸÄ± gÃ¼nden 341 gÃ¼n sonra illere gÃ¶re vaka sayÄ±larÄ±nÄ± paylaÅŸmaya baÅŸladÄ±. https://t.co/ewF5W07RZD",DeminHaber
339,2021-02-14 21:11:18+00:00,1361060471521034247,BugÃ¼n yalan haber yok gerÃ§ekler var. Kusura bakmayÄ±n arkadaÅŸlar:,DeminHaber
340,2021-02-13 13:36:50+00:00,1360583715580243968,Kadir TopbaÅŸ hayatÄ±nÄ± kaybetti. https://t.co/jie7KXNXI7,DeminHaber
341,2021-02-08 12:11:45+00:00,1358750360911937536,12. CumhurbaÅŸkanÄ± kimseyi Ã¶tekileÅŸtirmeden herkesi kucaklamaya Ã§alÄ±ÅŸÄ±rken: https://t.co/TFqndLpF7O,DeminHaber
342,2021-02-06 11:21:22+00:00,1358012906575699971,"Ä°ZMÄ°R - ""ErdoÄŸan'a yarar"" diyerek hiÃ§bir ÅŸey yapmamayÄ± tercih eden adam evindeki koltuÄŸunda Ã§Ã¼rÃ¼mÃ¼ÅŸ halde bulundu. https://t.co/fgIwWWdQEZ",DeminHaber
343,2021-02-05 12:57:35+00:00,1357674735321120768,"CANLI

Kemal KÄ±lÄ±Ã§daroÄŸlu lezbiyenlerin ailelerine sesleniyor. https://t.co/i6hKJjcnVi",DeminHaber
344,2021-02-04 11:49:31+00:00,1357295216605229057,Parti kongrelerine +18 ibaresi ÅŸartÄ± getiriliyor. https://t.co/ZqQoRYcfia,DeminHaber
345,2021-02-04 09:54:18+00:00,1357266222824448000,Ä°ktidar aÄŸlayan coÄŸrafyalara ufuklardan el uzatÄ±rken: https://t.co/l3LMaKptGA,DeminHaber
346,2021-02-03 20:07:02+00:00,1357058031025070080,Bu hesabÄ±n kurumumuz DeminÃ¶ren AjansÄ± ile herhangi bir alakasÄ± yoktur. Kamuoyuna saygÄ±yla duyurulur. https://t.co/ODqRsQuQm9,DeminHaber
347,2021-02-03 19:07:21+00:00,1357043012732391426,Berat Albayrak istifa etti. https://t.co/n6rzrWLYwY,DeminHaber
348,2021-02-03 19:06:41+00:00,1357042843760623616,@mesutcangir Senin iÃ§in atÄ±yorum kardeÅŸim.,DeminHaber
349,2021-02-03 18:40:53+00:00,1357036351883993095,Ak Parti Bilecik 7. olaÄŸan kongresi coÅŸkulu bir ÅŸekilde gerÃ§ekleÅŸtirildi.,DeminHaber
350,2021-02-01 22:14:34+00:00,1356365352234582016,CHP lideri Kemal KÄ±lÄ±Ã§daroÄŸlu BoÄŸaziÃ§i Ãœniversitesi olaylarÄ±nÄ± deÄŸerlendirmek Ã¼zere Polonya FÄ±rÄ±ncÄ±lar OdasÄ± baÅŸkanÄ± ile buluÅŸtu. https://t.co/v5haoHXEWQ,DeminHaber
351,2021-01-30 11:25:23+00:00,1355477204445048833,Angela Merkel Almanya'nÄ±n PTT'si olan Deutsche Post Ã¼zerinden ayÃ§iÃ§ek yaÄŸÄ± satÄ±ÅŸÄ±na baÅŸladÄ±klarÄ±nÄ± duyurdu. https://t.co/X7KJfdkIvC,DeminHaber
352,2021-01-22 11:53:24+00:00,1352585152342462465,"Ä°BB'nin ekmeÄŸinden 245 derecelik fÄ±rÄ±nda bile erimeyen kablo Ã§Ä±kÄ±nca Japon kablo devi Sumitomo Electric devreye girdi: ""Halk Ekmek ile her tÃ¼rlÃ¼ iÅŸbirliÄŸine hazÄ±rÄ±z"" https://t.co/MMEISF6YL8",DeminHaber
353,2021-01-13 19:16:29+00:00,1349435164108140546,CanlÄ± yayÄ±nda vurdurdu. https://t.co/FaTZdxncl1,DeminHaber
354,2021-01-13 12:38:32+00:00,1349335018913591297,"Muz cumhuriyeti Ekvador'un devlet baÅŸkanÄ± LenÃ­n Moreno: ""Biz gocunmuyoruz"" https://t.co/SoWp0bbSTy",DeminHaber
355,2021-01-13 12:26:36+00:00,1349332016895029255,Kolombiya Adalet BakanlÄ±ÄŸÄ±'ndan yapÄ±lan aÃ§Ä±klamaya gÃ¶re ÅŸÃ¼pheli ifadesi alÄ±ndÄ±ktan sonra MedellÃ­n YarÄ±aÃ§Ä±k Cezaevi'ne sevkedildi. https://t.co/XTXBfFMHCc,DeminHaber
356,2021-01-12 20:45:25+00:00,1349095159431110661,"Ã‡in aÅŸÄ±sÄ±yla ilgili yeni aÃ§Ä±klama: ""Etkinlik oranÄ± %378"" https://t.co/zIEzumHddA",DeminHaber
357,2021-01-12 20:06:54+00:00,1349085467577372672,@kadirozen Olay Kolombiya'da geÃ§iyor evet.,DeminHaber
358,2021-01-12 19:46:40+00:00,1349080374513721344,"Bakana ""nerde aÅŸÄ± y....mÄ±n baÅŸÄ±"" mesajÄ± atan bir kiÅŸi gÃ¶zaltÄ±na alÄ±ndÄ±. https://t.co/k9kwxjtIOm",DeminHaber
359,2021-01-11 20:08:24+00:00,1348723456691597313,Berat Albayrak istifa etti. https://t.co/D8AxpQREQX,DeminHaber
360,2021-01-11 20:06:54+00:00,1348723078268858373,ABD'nin 45. baÅŸkanÄ± Donald Trump gÃ¶revden affedildi. https://t.co/8hayzDgaDi,DeminHaber
361,2021-01-06 21:04:17+00:00,1346925579388547075,Washington DC'de selalar veriliyor https://t.co/THX4NaTWUM,DeminHaber
362,2021-01-06 20:33:06+00:00,1346917732437131264,"Orta DoÄŸu ve siyaset uzmanÄ± HÃ¼snÃ¼ Mahalli: ""ABD batÄ±nÄ±n en gÃ¼venilir ve oturmuÅŸ Ã¼lkelerinden biri. Bu gÃ¶steriler kesinlikle bir iÃ§ savaÅŸa dÃ¶nÃ¼ÅŸmez. Rahat olun"" https://t.co/dD6Fue9Qms",DeminHaber
363,2021-01-06 19:29:46+00:00,1346901792429400064,"Mahallesindeki herkesi terÃ¶rist diye polise ihbar edince gÃ¶zaltÄ±na alÄ±nan O.Ã‡'den ilginÃ§ savunma: ""Ä°lla ki aralarÄ±nda terÃ¶rist vardÄ±r"" https://t.co/iOw9lGZDBx",DeminHaber
364,2021-01-06 14:48:35+00:00,1346831030909624323,Melih Bulu'nun rektÃ¶rlÃ¼ÄŸÃ¼nÃ¼ tanÄ±mayanlara sÄ±fat bulma yarÄ±ÅŸÄ± iktidar kanadÄ±nÄ± ikiye bÃ¶ldÃ¼: https://t.co/dIjnp7njRb,DeminHaber
365,2021-01-06 09:51:12+00:00,1346756192304037893,GÃ¶zaltÄ±nda halay Ã§eken 27 Ã¶ÄŸrenci gÃ¶zaltÄ±na alÄ±ndÄ±. https://t.co/qtV6QrAgEn,DeminHaber
366,2021-01-05 21:00:47+00:00,1346562310794567682,"720 saatlik sÃ¼resiyle dÃ¼nyanÄ±n en uzun filmi ""Ambiance"" vizyona girdi. Filmi izleyenlerin geÃ§irmiÅŸ olduklarÄ± sÃ¼re emeklilikte geÃ§erli olmak Ã¼zere sigorta primi olarak gÃ¶sterilebilecek. https://t.co/7AUrtJypgD",DeminHaber
367,2020-12-31 21:48:46+00:00,1344762447396294658,https://t.co/QWLBGqDtpp,DeminHaber
368,2020-12-31 20:59:50+00:00,1344750133980884996,SON DAKÄ°KA https://t.co/LjBrZVKeEi,DeminHaber
369,2020-12-27 11:29:47+00:00,1343157121685327873,"Bir sokak rÃ¶portajÄ±nda ""eve ekmek gÃ¶tÃ¼remiyoruz"" diyerek hÃ¼kÃ¼met aleyhinde propaganda yapan vatandaÅŸ bakkaldan ekmek alÄ±rken suÃ§ Ã¼stÃ¼ yakalandÄ±. https://t.co/l1l8ZNxdkb",DeminHaber
370,2020-12-14 17:30:31+00:00,1338536863464906753,"Bilim Kurulu Ã¼yesi: ""Hindi eti, alkol, karÄ±ÅŸÄ±k Ã§erez tabaÄŸÄ± ve konfetiler koronavirÃ¼se yakalanma riskini arttÄ±rÄ±yor"" https://t.co/cSjEgSn4mF",DeminHaber
371,2020-12-11 17:29:03+00:00,1337449329871769602,SON DAKÄ°KA https://t.co/Rs2Wq9iQ2k,DeminHaber
372,2020-12-08 15:09:41+00:00,1336327095278956544,Kimlik numarasÄ± tek sayÄ± ile bitenlerin saat 09:00 ile 20:00 arasÄ±nda sokaÄŸa Ã§Ä±kmasÄ± yasaklandÄ±. https://t.co/cby0tQpbMT,DeminHaber
373,2020-12-08 15:01:47+00:00,1336325103684968455,@ilkelif @wannamovie @wannartcom Mother! (2017),DeminHaber
374,2020-12-04 13:47:48+00:00,1334856933707223043,Berat Albayrak istifa etti. https://t.co/YiiF0SGbZx,DeminHaber
375,2020-12-04 13:46:58+00:00,1334856724591894530,metni sen yaz ben gÃ¶rseli yapÄ±ÅŸtÄ±rÄ±rm.,DeminHaber
376,2020-12-01 17:27:50+00:00,1333825146398920706,Afyonlu 2 kiÅŸi Denizli'de kÄ±skÄ±vrak yakalandÄ±. https://t.co/aQGp2uPmES,DeminHaber
377,2020-11-26 16:21:22+00:00,1331996480664723460,Borsa Ä°stanbulâ€™un yÃ¼zde 10'u da Katar'a satÄ±ldÄ±. BÃ¶ylece Demin Haber dÄ±ÅŸÄ±ndaki her ÅŸey Katar'a ØªÙ… Ø¨ÙŠØ¹Ù‡ Ø³ØªØ£ØªÙŠ Ø§Ù„ØªÙØ§ØµÙŠÙ„ https://t.co/vibj9FpvKd,DeminHaber
378,2020-11-25 17:49:04+00:00,1331656162438246409,GÃ¼nlÃ¼k Covid vaka sayÄ±sÄ± aÃ§Ä±klandÄ± https://t.co/GX4nO2j9AM,DeminHaber
379,2020-11-25 17:38:58+00:00,1331653617884028938,SaÄŸlÄ±k BakanlÄ±ÄŸÄ±'ndan sonra TÃœÄ°K de ÅŸeffaf veri politikasÄ±na geÃ§me kararÄ± aldÄ± ancak bu karardan hemen vazgeÃ§ti. https://t.co/OmpeQ8kmPE,DeminHaber
380,2020-11-25 17:07:26+00:00,1331645683049304066,SaÄŸlÄ±k BakanÄ± Fahrettin Koca pozitif vaka sayÄ±sÄ±nÄ± da paylaÅŸacaklarÄ±nÄ± aÃ§Ä±kladÄ±. https://t.co/ywdp4iy3x0,DeminHaber
381,2020-11-25 16:27:52+00:00,1331635727495536645,Diego Maradona 60 yaÅŸÄ±nda hayata gÃ¶zlerini yumdu. https://t.co/e2rrTYPAey,DeminHaber
382,2020-11-24 11:45:38+00:00,1331202313449594881,"Ã‡in'den gelen aÅŸÄ±larÄ±n Ã¼zerinde ""covib"" yazmasÄ± Ã¼zerine soruÅŸturma baÅŸlatÄ±ldÄ±. https://t.co/ooIS460N3r",DeminHaber
383,2020-11-24 11:35:00+00:00,1331199635206119426,Berat Albayrak https://t.co/pwOetpwfOT,DeminHaber
384,2020-11-18 21:21:57+00:00,1329173020703907844,Berat Albayrak istifa etti. https://t.co/8r2ftlVNrn,DeminHaber
385,2020-11-18 20:29:34+00:00,1329159836517486593,"Yarasa yiyerek koronavirÃ¼s salgÄ±nÄ±nÄ±n baÅŸlamasÄ±na sebep olan Ã‡inli konuÅŸtu: ""Ben dersimi aldÄ±m. Bir dahaki sefere iyice yÄ±kayacaÄŸÄ±m"" https://t.co/VT727NsiR0",DeminHaber
386,2020-11-17 21:06:41+00:00,1328806789421404161,"Bilim Kurulu Ãœyesi: ""Herkes yasaklarÄ± anladÄ±ÄŸÄ± kadarÄ±yla uygulasÄ±n."" https://t.co/I3MPSAReh7",DeminHaber
387,2020-11-11 19:55:01+00:00,1326614427282632705,80 il ve Zonguldak'ta kamuya aÃ§Ä±k alanlarda sigara iÃ§mek yasaklandÄ±. https://t.co/k8vcGvegGx,DeminHaber
388,2020-11-11 19:19:31+00:00,1326605495025721347,"Akademisyen Cem Say, yakÄ±nda hepimizi sevindirecek bir haber duyacaÄŸÄ±mÄ±za dair bir haber duyduÄŸunu duyurdu. https://t.co/9jKx9UPJc4",DeminHaber
389,2020-11-11 18:38:01+00:00,1326595051384938502,"KoronavirÃ¼s tedbirleri kapsamÄ±nda kadÄ±nlarÄ±n patlÄ±can, havuÃ§, salatalÄ±k, kabak (yeÅŸil), muz ve pÄ±rasa sapÄ± satÄ±n almasÄ± yasaklandÄ±. https://t.co/ILUebpKRsE",DeminHaber
390,2020-11-11 15:42:13+00:00,1326550808058458113,Berat Albayrak istifa etti. https://t.co/I0zZnUvXqk,DeminHaber
391,2020-11-10 17:25:27+00:00,1326214398705283075,Berat Albayrak istifa etti. https://t.co/ZVRUO5uWbX,DeminHaber
392,2020-11-09 13:05:14+00:00,1325786524923932673,Binali YÄ±ldÄ±rÄ±m BoÄŸaziÃ§i KÃ¶prÃ¼sÃ¼'nde bekliyor. Ä°ntihar edecek vatandaÅŸ ise 14 dakika geÃ§ kaldÄ±. https://t.co/SulJYq2tE6,DeminHaber
393,2020-11-08 18:02:57+00:00,1325499063324844032,Berat Albayrak istifa etti. https://t.co/qjvETuIVLs,DeminHaber
394,2020-11-08 17:43:27+00:00,1325494152566616066,Bu gece yarÄ±sÄ±ndan itibaren geÃ§erli olmak Ã¼zere benzin ve motorinin litre fiyatÄ± bir Ã¶nceki gÃ¼ne gÃ¶re deÄŸiÅŸmedi. https://t.co/pRabadGMrL,DeminHaber
395,2020-11-08 17:08:02+00:00,1325485242338209795,Bilecik'te 3 kiÅŸilik kalabalÄ±k bir grup Berat Albayrak'Ä±n istifasÄ±na tepki gÃ¶steriyor. https://t.co/ai8aBTCUs5,DeminHaber
396,2020-11-08 17:01:59+00:00,1325483719914889216,Bir ÅŸeylere yayÄ±n yasaÄŸÄ± getirildi. https://t.co/AwOKifCfLc,DeminHaber
397,2020-11-08 16:54:57+00:00,1325481949562081281,Ä°Ã§iÅŸleri bakanÄ±nÄ±n istifasÄ±nÄ±n geri Ã§ektirilmesine gÃ¼venerek istifa eden hazine bakanÄ±nÄ±n istifasÄ±nÄ±n kabul edildiÄŸi iddia edildi. https://t.co/UtDBRNuhNc,DeminHaber
398,2020-11-05 17:36:04+00:00,1324405130767355910,"TÃ¼rkiye Somali'nin IMF'ye olan 3,5 milyon dolarlÄ±k borcunu kapattÄ±. ParayÄ± almaya gelen ancak parasÄ± Ã§Ä±kÄ±ÅŸmayan Somalili yetkilinin ayrÄ±ca 48 liralÄ±k taksi Ã¼creti de Ã¶dendi. https://t.co/JGm6JoG1bh",DeminHaber
399,2020-11-04 16:16:58+00:00,1324022840501391361,Donald Trump Brooklyn KÃ¶prÃ¼sÃ¼'nde intihara teÅŸebbÃ¼s eden bir genci kurtardÄ±. https://t.co/qRkZngkT53,DeminHaber
400,2020-11-04 13:22:31+00:00,1323978934678151168,ABD SeÃ§imleri | Dallas'ta trafoya giren armadillolar yÃ¼zÃ¼nden elektrikler kesildi. https://t.co/vvLOLcH86M,DeminHaber
401,2020-10-27 18:23:14+00:00,1321155510264074240,"TCMB ve SaÄŸlÄ±k BakanlÄ±ÄŸÄ±, tasarruf tedbirleri kapsamÄ±nda Covid-19 hasta sayÄ±sÄ± ve USD/TL kur deÄŸiÅŸimini ortak grafikle aÃ§Ä±klama kararÄ± aldÄ±. https://t.co/q2p866kgnZ",DeminHaber
402,2020-10-26 22:05:30+00:00,1320849058366427136,Konya,DeminHaber
403,2020-10-01 17:15:59+00:00,1311716504753315840,KoronavirÃ¼s tablosundaki rengin turkuaz deÄŸil Pers mavisi olduÄŸu ortaya Ã§Ä±ktÄ±. https://t.co/6Pp3yUCQiL,DeminHaber
404,2020-09-17 21:22:51+00:00,1306705197528383500,"Enes Batur'un karantinadan kaÃ§masÄ± ile alakasÄ± olduÄŸu dÃ¼ÅŸÃ¼nÃ¼len 3 MOSSAD, 3 CIA, 2 KGB ajanÄ± gÃ¶zaltÄ±na alÄ±ndÄ±. https://t.co/I5mPe6UIv3",DeminHaber
405,2020-09-14 20:38:23+00:00,1305606846548500480,VenÃ¼s'te virÃ¼s bulunabileceÄŸi iddialarÄ± Ã¼zerine Ã‡in harekete geÃ§ti: 2030'da keÅŸif aracÄ± gÃ¶nderilecek. https://t.co/24i8IEXiC4,DeminHaber
406,2020-09-10 15:03:12+00:00,1304072943539019778,"Cami cemaati isyan etti: ""Ayasofya'daki halÄ± ile Covid-19 tablosu aynÄ± renkte, dikkatimiz daÄŸÄ±lÄ±yor"" https://t.co/m2KDu70bJr",DeminHaber
407,2020-09-10 14:50:52+00:00,1304069839112335362,TRABZON - Twitter'da flÃ¶rt edip sevgili olan Ã§ift ilk buluÅŸmada birbirini vurdu: 2 yaralÄ±. https://t.co/pNZK3wGH9H,DeminHaber
408,2020-09-09 11:48:35+00:00,1303661576948457473,"""ErdoÄŸan 2013'te %50'yi evde zor tutuyordu, 2020'de %100'Ã¼ eve sokamÄ±yor"" diyen Twitter kullanÄ±cÄ±sÄ±nÄ±n gÃ¶zaltÄ±na alÄ±ndÄ±ÄŸÄ± haberine yayÄ±n yasaÄŸÄ± getirildiÄŸi iddiasÄ±nÄ± ""gÃ¶zaltÄ± ve yayÄ±n yasaÄŸÄ± yok, bÃ¶yle bir tweet zaten atÄ±lmamÄ±ÅŸ"" diyerek yalanlayan yetkili tweet'i atan kiÅŸi Ã§Ä±ktÄ±. https://t.co/NHWJtJQbfm",DeminHaber
409,2020-09-08 15:58:47+00:00,1303362153865531392,@aglayarak31 @OzanOfficial1 TÃ¼rk bayraÄŸÄ±,DeminHaber
410,2020-09-08 15:47:37+00:00,1303359345137250304,Hava Ã§ok gÃ¼zel. https://t.co/fg1GIzmOUt,DeminHaber
411,2020-09-08 15:42:30+00:00,1303358054352781312,Guardianâ€™da tamamen yapay zekayla yazÄ±lan bir kÃ¶ÅŸe yazÄ±sÄ± yer aldÄ±. BÃ¶ylece Guardian SÃ¶zcÃ¼'den sonra dÃ¼nyada yapay zekalÄ± kÃ¶ÅŸe yazarÄ± bulunduran ikinci gazete oldu. https://t.co/KuDShpqfFC,DeminHaber
412,2020-09-08 15:09:58+00:00,1303349867734093825,Covid-19 tedbirleri kapsamÄ±nda gece 00:00'dan itibaren ebru hariÃ§ resim yapmak yasaklanÄ±yor. https://t.co/X4CBNfjzMX,DeminHaber
413,2020-09-07 14:08:04+00:00,1302971905188794368,Burdur'da 1 kiÅŸi kÄ±skÄ±vrak yakalandÄ±. https://t.co/NuI0hIgtra,DeminHaber
414,2020-09-07 13:36:03+00:00,1302963846005641217,Hindistan'da 1.5 metrelik sosyal mesafeye uymaya Ã§alÄ±ÅŸan halkÄ±n bir kÄ±smÄ± ittirile ittirile Pakistan sÄ±nÄ±rÄ±ndan taÅŸtÄ±. https://t.co/K2O12OqgFS,DeminHaber
415,2020-09-06 16:26:28+00:00,1302644345787514883,https://t.co/kzEu9AVaI0,DeminHaber
416,2020-09-05 18:35:26+00:00,1302314411223285761,5 EylÃ¼l 2020 GÃ¼nlÃ¼k KoronavirÃ¼s Tablosu aÃ§Ä±klandÄ±. https://t.co/QJRWuRzTFG,DeminHaber
417,2020-09-04 16:22:24+00:00,1301918545580904449,BugÃ¼n dÃ¼ne gÃ¶re 1 artarak 4 EylÃ¼l oldu. https://t.co/sBqEZ07wFJ,DeminHaber
418,2020-09-04 13:14:17+00:00,1301871203527856128,"Bilim Kurulu Ã¼yesi: ""1.5 metrelik sosyal mesafeye dikkat etmek ÅŸartÄ±yla cinsel iliÅŸkiye girilmesinde sakÄ±nca yok"" https://t.co/8eVgaEkFOn",DeminHaber
419,2020-09-04 12:30:27+00:00,1301860173791793152,O suÃ§tan tutuklanan kiÅŸiyle ilgili yapÄ±lacak tÃ¼m haberlere eriÅŸim engeli getirildi. https://t.co/gZj78rOrr3,DeminHaber
420,2020-09-03 18:55:58+00:00,1301594803180896256,"YÃ¼rÃ¼rlÃ¼ÄŸe girdi: DÃ¼ÄŸÃ¼n 1 saati, gerdek 5 dakikayÄ± aÅŸmayacak. https://t.co/MLLtf9An9k",DeminHaber
421,2020-09-03 18:13:40+00:00,1301584159563972612,Uzmanlardan Covid-19 tavsiyesi: Ã–pÃ¼ÅŸmeden Ã¶nce dondurma yiyin. https://t.co/suICWATDLD,DeminHaber
422,2020-09-03 17:59:45+00:00,1301580658259746823,Wushuda yeni skandal: 17 gÃ¼ndÃ¼r yeni bir skandal ortaya Ã§Ä±kmadÄ±. https://t.co/PCqmFOwTdh,DeminHaber
423,2020-09-03 17:16:30+00:00,1301569772153430018,SaÄŸlÄ±k BakanlÄ±ÄŸÄ± bugÃ¼nÃ¼n tarihini paylaÅŸtÄ±. https://t.co/DCqWayz8IK,DeminHaber
424,2020-09-03 16:38:49+00:00,1301560289100525569,KoronavirÃ¼sÃ¼n Binali YÄ±ldÄ±rÄ±m testi pozitif Ã§Ä±ktÄ±. https://t.co/JPqeazntpr,DeminHaber
425,2020-09-03 15:49:08+00:00,1301547787784421378,"Adana'da sÄ±caklÄ±k 45 dereceyi buldu, vatandaÅŸ ise tepkisiz: ""Biz artÄ±k bir ÅŸey hissetmiyoruz"" https://t.co/5efUOGIirX",DeminHaber
426,2020-09-02 19:54:42+00:00,1301247198538145794,AklÄ±ma haber gelmiyor.,DeminHaber
427,2020-09-01 21:05:00+00:00,1300902500246192128,Konya'da her ÅŸey yasaklandÄ±. https://t.co/ugPX9kYZgw,DeminHaber
428,2020-09-01 20:03:26+00:00,1300887006273249281,"Emily Moore sessizliÄŸini bozdu: ""Gelen her ihbarÄ± deÄŸerlendiriyorum"" https://t.co/vxcowJbAn5",DeminHaber
429,2020-08-31 17:47:56+00:00,1300490518267342848,KÃ¼rede deÄŸer yaratma eÄŸilimi doÄŸuya kayÄ±yor. https://t.co/k5rirOhA3y,DeminHaber
430,2020-08-27 21:04:04+00:00,1299090328293724169,"Ä°stanbul HavalimanÄ±'na Ã¼cretsiz yol yapan Ä°BB vatandaÅŸÄ±n kafasÄ±nÄ± karÄ±ÅŸtÄ±rdÄ±: ""Yolu kullanmayanlar da mÄ± Ã¼cret Ã¶demeyecek?"" https://t.co/xkE266ZARM",DeminHaber
431,2020-08-27 14:17:41+00:00,1298988055869534216,DÃ¼n Rize'de Ã§Ã¶ken karayolunda doÄŸal gaz bulundu. https://t.co/1mCjw0jGv2,DeminHaber
432,2020-08-26 09:33:25+00:00,1298554132517789697,O habere yayÄ±n yasaÄŸÄ± getirildi. https://t.co/JMVa4Yb6T5,DeminHaber
433,2020-08-25 16:38:51+00:00,1298298807525019651,"TÃ¼rkiye ve dÃ¼nya gÃ¼ndeminde neler oldu? 25 AÄŸustos 2020

ğŸ“Œ Diyanet Ä°ÅŸleri BaÅŸkanÄ± Ali ErbaÅŸ Giresun'da incelemelerde bulundu

ğŸ“Œ Ä°Ã§iÅŸleri BakanlÄ±ÄŸÄ± 14 kentte sÃ¼nnet dÃ¼ÄŸÃ¼nlerini yasakladÄ± https://t.co/EBbm5Jj1NV",DeminHaber
434,2020-08-24 16:45:08+00:00,1297938001109164037,"DÃ¼nya SaÄŸlÄ±k Ã–rgÃ¼tÃ¼: ""Sokak hayvanlarÄ±na dÃ¼zenli olarak mama ve su verirseniz covid-19 baÄŸÄ±ÅŸÄ±klÄ±ÄŸÄ± kazanÄ±rsÄ±nÄ±z"" https://t.co/hUrSy41Ao2",DeminHaber
435,2020-08-24 12:51:56+00:00,1297879315812626435,HDP'nin Giresun'daki sel felaketinin araÅŸtÄ±rÄ±lmasÄ± teklifi yarÄ±n Ak Parti ve MHP'nin oylarÄ±yla reddedilecek. https://t.co/pTuC7w0CsA,DeminHaber
436,2020-08-22 14:21:14+00:00,1297177011178344448,"Karadeniz'de bulunan doÄŸal gazÄ± evindeki ocak ve kombiyi sonuna kadar aÃ§Ä±p video Ã§ekerek kutlayan genÃ§, bugÃ¼n gelen 31 bin 819 liralÄ±k faturaya isyan etti: ""2 yÄ±ldÄ±r iÅŸsizim nasÄ±l Ã¶deyeyim?"" https://t.co/s3nx1RVZ1u",DeminHaber
437,2020-08-22 12:25:19+00:00,1297147840721039360,"Angela Merkel: ""Ä°stesek biz de doÄŸal gaz buluruz ama istemiyoruz"" https://t.co/XkkKio8wsh",DeminHaber
438,2020-08-21 16:15:25+00:00,1296843356899811331,"Ä°talyan kaynaklar: ""ErdoÄŸan'Ä±n mÃ¼jde aÃ§Ä±klamasÄ±nÄ± izleyen Papa telefonunu duvara fÄ±rlattÄ±"" https://t.co/TBTmovoWAI",DeminHaber
439,2020-08-21 13:18:48+00:00,1296798910585942016,"Yunanistan'da bayraklar 4 cm kadar indirildi: ""Bu rezerve anca bu kadar"" https://t.co/U9PTFE1c3l",DeminHaber
440,2020-08-20 20:17:03+00:00,1296541778934456320,T24'Ã¼n Almanya'yÄ± Alamanya olarak yazmasÄ± kafalarÄ± karÄ±ÅŸtÄ±rdÄ±: Cinsel paylaÅŸÄ±mlarÄ±yla Ã¼nlenen T24 admini bu kadar yaÅŸlÄ± olabilir mi? https://t.co/Hlb5ZReW5g,DeminHaber
441,2020-08-20 17:44:47+00:00,1296503459651497988,Karadeniz'de bulunan doÄŸal gazÄ± kÃ¼Ã§Ã¼k tÃ¼plere doldurmaya Ã§alÄ±ÅŸan Samsunlu 4 kiÅŸi gÃ¶zaltÄ±na alÄ±ndÄ±. https://t.co/rsZCgsUMpp,DeminHaber
442,2020-08-20 17:20:35+00:00,1296497371443073024,"ÅOK Ä°DDÄ°A: ""Karadeniz'de bulunan doÄŸalgaz, Ã¼stÃ¼ aÃ§Ä±k unutulduÄŸu iÃ§in uÃ§up gitti."" https://t.co/7YMsr5KMTn",DeminHaber
443,2020-08-20 11:43:26+00:00,1296412524577988608,SÃ–ZCÃœ'nÃ¼n TÃ¼rklere vize verilmemesini gÃ¼lerek paylaÅŸmasÄ±na kullanÄ±cÄ±lardan yoÄŸun tepkiler yaÄŸÄ±yor. https://t.co/g887C0eqWq,DeminHaber
444,2020-08-19 16:04:56+00:00,1296115943211446273,Karadeniz'de doÄŸalgaz yataÄŸÄ±nÄ±n bulunduÄŸu noktanÄ±n koordinatlarÄ± yayÄ±nlandÄ±. https://t.co/2XlZXJb7E6,DeminHaber
445,2020-08-19 14:09:17+00:00,1296086840303378434,DoÄŸu Akdeniz'de 2 litre benzin bulundu https://t.co/0To0jwxRwB,DeminHaber
446,2020-08-16 12:16:14+00:00,1294971226155364352,"SÃ¼rekli ""ABD beynime Ã§ip taktÄ±"" dediÄŸi iÃ§in paranoya tedavisi gÃ¶rÃ¼yordu, boyun fÄ±tÄ±ÄŸÄ± ameliyatÄ±nda ensesinden Ã§ip Ã§Ä±ktÄ±. https://t.co/DVN9OWNZSF",DeminHaber
447,2020-08-16 09:08:49+00:00,1294924061852815361,Sakarya'da 100 metrekarelik beton blok hizmete aÃ§Ä±ldÄ±. https://t.co/BBhdk3jfzj,DeminHaber
448,2020-08-15 14:07:46+00:00,1294636906957942784,HayvanlarÄ± Ã§Ä±plak gÃ¶steren dÃ¼rbÃ¼n satarak kÃ¶ylÃ¼leri 350 bin lira dolandÄ±rdÄ±ÄŸÄ± iddia edilen 2 kiÅŸi ifadelerinin alÄ±nmasÄ±nÄ±n ardÄ±ndan serbest bÄ±rakÄ±ldÄ±. https://t.co/KzZLpHaGAc,DeminHaber
449,2020-08-15 09:18:38+00:00,1294564145652813824,Wushuda yeni skandal: Organizasyonda izleyicilere daÄŸÄ±tÄ±lan karÄ±ÅŸÄ±k Ã§erez tabaklarÄ±ndaki antep fÄ±stÄ±klarÄ± geri toplanÄ±p federasyon Ã¼yelerinin tabaklarÄ±na konmuÅŸ. https://t.co/Le50DbBt1L,DeminHaber
450,2020-08-13 12:02:32+00:00,1293880614127579137,"AmatÃ¶r telsizciden tartÄ±ÅŸma yaratacak iddia: ""BakanÄ±n gÃ¶z kÄ±rpmalarÄ±nda mors koduyla POLONEZKÃ–YDEYÄ°M mesajÄ± veriliyor"" https://t.co/iB3H2eeUGx",DeminHaber
451,2020-08-13 11:33:40+00:00,1293873349815349249,"CumhurbaÅŸkanÄ± ErdoÄŸan: TÃ¼rkiyeâ€™yi demokrasi, adalet, ekonomi ve Ã¼retimde ÅŸaha kaldÄ±rdÄ±k, Ã¶zgÃ¼rlÃ¼klerde en ileri Ã¼lkelerden biri olduk. https://t.co/Ek48P9BsFX",DeminHaber
452,2020-08-12 21:29:55+00:00,1293661013066350592,Eti Puf ve Ãœlker Ã‡okomel satÄ±ÅŸlarÄ± %58 dÃ¼ÅŸtÃ¼. https://t.co/ooPYX0o6KM,DeminHaber
453,2020-08-12 21:11:35+00:00,1293656399562579975,Ä°BB'den alÄ±nÄ±p KÃ¼ltÃ¼r BakanlÄ±ÄŸÄ±'na verilen Galata Kulesi yenilenmiÅŸ gÃ¶rÃ¼ntÃ¼sÃ¼yle ziyaretÃ§ilerini bekliyor. https://t.co/HG5a3xFJkx,DeminHaber
454,2020-08-11 20:45:11+00:00,1293287368296935426,"Trump: ""Ben seÃ§ilemezem bazÄ±larÄ± da koltuÄŸunda kalamaz baÅŸ harfi R"" https://t.co/5kr5AMy1Yu",DeminHaber
455,2020-08-11 19:05:07+00:00,1293262188199776256,"AltÄ±ndaÄŸ / ANKARA - Kahvehaneye ""hanginizi karÄ±m yapayÄ±m?"" diyerek girdi, 41 yerinden bÄ±Ã§aklandÄ±. https://t.co/nRwCnBqktP",DeminHaber
456,2020-08-11 18:40:07+00:00,1293255895443550209,"DÃ¼nya SaÄŸlÄ±k Ã–rgÃ¼tÃ¼ DirektÃ¶rÃ¼ Ghebreyesus: ""HiÃ§ de bi kere aÅŸÄ± bulunamayacak"" https://t.co/BXNiEH7KP0",DeminHaber
457,2020-08-10 10:34:08+00:00,1292771205829853186,"Evine giren hÄ±rsÄ±zÄ± kaynanasÄ± sanÄ±p bÄ±Ã§akladÄ±, okul arkadaÅŸÄ± Ã§Ä±kan hÄ±rsÄ±zla kaÃ§tÄ±: 2 yaralÄ±. https://t.co/bprGAyOK4Y",DeminHaber
458,2020-08-10 09:48:19+00:00,1292759676220780544,"Amazon'da medeniyetten yalÄ±tÄ±lmÄ±ÅŸ ÅŸekilde yaÅŸayan Wuawua kabilesinin reisi tÃ¼m dÃ¼nya liderlerine seslendi: ""Bu devirde artÄ±k yeni bir dÃ¼nya savaÅŸÄ± Ã§Ä±kacaÄŸÄ±nÄ± dÃ¼ÅŸÃ¼nmÃ¼yorum ancak olasÄ± bir 2. DÃ¼nya SavaÅŸÄ±'nda tarafsÄ±z kalacaÄŸÄ±mÄ±z bilinmeli"" https://t.co/SIMVTcvxkf",DeminHaber
459,2020-08-10 08:55:18+00:00,1292746334450126849,"Yeni sosyal medya dÃ¼zenlemesi: Linkedin harici sosyal medya hesaplarÄ±nda biyografi kÄ±smÄ±na ""avukat"" ve ""hukuk"" kelimelerinin yazÄ±lmasÄ± yasaklandÄ±. https://t.co/2WB3bRSK0h",DeminHaber
460,2020-08-10 07:21:48+00:00,1292722803662348288,MayÄ±s ayÄ± iÅŸsizlik rakamlarÄ± aÃ§Ä±klandÄ±: 1913 yÄ±lÄ±nÄ±n aynÄ± dÃ¶nemine gÃ¶re iÅŸsizlik %0.1 azaldÄ±. https://t.co/4wmQT6zCQ5,DeminHaber
461,2020-08-09 20:57:53+00:00,1292565787497168896,"KoronavirÃ¼s hastasÄ± bir kiÅŸinin hastanede yatabilmesi iÃ§in solunum sÄ±kÄ±ntÄ±sÄ±, nefes darlÄ±ÄŸÄ±, beslenmede zorluk ve tÃ¼m hayatÄ±nÄ±n gÃ¶zlerinin Ã¶nÃ¼nden film ÅŸeridi gibi geÃ§mesi ÅŸartÄ± getirildi. https://t.co/MjkElKcJsx",DeminHaber
462,2020-08-09 20:19:19+00:00,1292556082452234240,"Amazon'da medeniyetten yalÄ±tÄ±lmÄ±ÅŸ ÅŸekilde yaÅŸayan kabilenin reisinden TÃ¼rkiye yorumu: ""Ekonomiyi sadece dÃ¶viz kuru Ã¼zerinden deÄŸerlendirmeyin"" https://t.co/S2BLX7HGJR",DeminHaber
463,2020-08-09 16:19:08+00:00,1292495641428602880,"ABD'de yapÄ±lan Covid-19 Ã§alÄ±ÅŸmasÄ±ndan Ã§arpÄ±cÄ± sonuÃ§lar: KÄ±sÄ±rlÄ±k, eÅŸcinsellik ya da iktidarsÄ±zlÄ±k yapÄ±yor, imanÄ± zayÄ±flatÄ±yor, domuz eti yeme isteÄŸi uyandÄ±rÄ±yor. https://t.co/QDLyUdu2h9",DeminHaber
464,2020-08-09 15:46:28+00:00,1292487419657428992,YÃ¼rÃ¼rlÃ¼ÄŸe girdi: 7 yÄ±ldan uzun sÃ¼redir arkadaÅŸ olan bekarlar birbiriyle evli sayÄ±lacak. https://t.co/UUIYCXht0O,DeminHaber
465,2020-08-09 05:02:14+00:00,1292325292179152897,"ABD'nin TikTok kararÄ±na TÃ¼rkiye'den ilk tepki: ""Kanal Ä°stanbul'un yapÄ±mÄ± zaruri hale gelmiÅŸtir"" https://t.co/3pmP6XFZsA",DeminHaber
466,2020-08-08 21:18:50+00:00,1292208673721331713,"""TÃ¼rkiye'nin KeÅŸfedilmemiÅŸ DoÄŸal GÃ¼zellikleri"" yarÄ±ÅŸmasÄ± sonuÃ§landÄ±. Online olarak dÃ¼zenlenen Ã¶dÃ¼l tÃ¶reninde jÃ¼ri baÅŸkanÄ± ""isim ve fotoÄŸraf veremiyoruz ama bize gÃ¼venin baya gÃ¼zel yerler"" ÅŸeklinde konuÅŸtu. https://t.co/GRWKE1y0ua",DeminHaber
467,2020-08-08 06:57:25+00:00,1291991890259333121,"2001'deki ekonomik kriz nedeniyle yazarkasa fÄ±rlatan esnaf: ""BugÃ¼n yazarkasa fÄ±rlatabilmek iÃ§in mancÄ±nÄ±k lazÄ±m Ã§ok mesafe var"" https://t.co/gzIOjgFgvf",DeminHaber
468,2020-08-08 04:38:36+00:00,1291956954898857984,"9 ÅEHÄ°RDE ÅAFAK OPERASYONU: 

RÃ¼yalarÄ±nda cumhurbaÅŸkanÄ±na hakaret etmekte olan 21 kiÅŸi suÃ§ Ã¼stÃ¼ yakalanÄ±rken, yapÄ±lan aramalarda tweet yapÄ±mÄ±nda kullanÄ±lan 174 taslak ele geÃ§irildi. https://t.co/nXgNZpwwrp",DeminHaber
469,2020-08-07 18:33:48+00:00,1291804753865867267,Finans siteleri dÃ¶viz kurlarÄ±yla birlikte gÃ¼nlÃ¼k buzdolabÄ± satÄ±ÅŸ adedini de paylaÅŸmaya baÅŸladÄ±. https://t.co/g19Hp2uwGK,DeminHaber
470,2020-08-07 15:28:30+00:00,1291758120071581696,DÃ¶viz kurlarÄ±nÄ± aÃ§Ä±klama yetkisi TÃœÄ°K'e verildi. https://t.co/s4hUnFlVDB,DeminHaber
471,2020-08-06 09:49:05+00:00,1291310317558018048,Cezaevlerindeki tÃ¼m rahipler salÄ±nÄ±yor. https://t.co/dYYwulPHoq,DeminHaber
472,2020-08-06 08:52:29+00:00,1291296073848422401,2002 yÄ±lÄ±nda piyasadan kaldÄ±rÄ±lan Alman MarkÄ± TL karÅŸÄ±sÄ±nda %2.14 deÄŸer kazandÄ±. https://t.co/i3ViKt71ze,DeminHaber
473,2020-08-06 08:38:54+00:00,1291292653116628992,"Ä°Ã§iÅŸleri BakanlÄ±ÄŸÄ±'nÄ±n ""SokaÄŸa Ã§Ä±kma yasaÄŸÄ± ilan edileceÄŸine yÃ¶nelik iddialar gerÃ§eÄŸi yansÄ±tmÄ±yor"" aÃ§Ä±klamasÄ± akÄ±llara ""sokaÄŸa Ã§Ä±kma yasaÄŸÄ± mÄ± geliyor?"" sorusunu getirdi. https://t.co/EDhbrjFheb",DeminHaber
474,2020-08-06 07:48:24+00:00,1291279945285734400,"TÃ¼rk LirasÄ± gÃ¼ne Irak DinarÄ± karÅŸÄ±sÄ±nda %0,61 deÄŸer kazanarak baÅŸladÄ±. https://t.co/M9kPxGDf6i",DeminHaber
475,2020-08-06 07:40:04+00:00,1291277847789744128,AyrÄ±ntÄ±lar geliyor https://t.co/Y5fquegHtf,DeminHaber
476,2020-08-05 17:07:37+00:00,1291058289292333058,"Ä°rfanlÄ± Adamlar DerneÄŸi'nden Ä°stanbul SÃ¶zleÅŸmesi'ne alternatif: Anadolu SÃ¶zleÅŸmesi.

- ErkeÄŸin beyanÄ± esas kabul edilecek
- Binalarda ses yalÄ±tÄ±m zorunlu hale getirilecek
- Nafaka Ã¶denmeyecek
- Hayvanlarla iliÅŸk https://t.co/NWDdonKoS4",DeminHaber
477,2020-08-04 16:39:15+00:00,1290688760531877892,4 AÄŸustos 2020 tarihi itibariyle Covid-19 hastalarÄ±nda bronzluk oranÄ± da paylaÅŸÄ±lmaya baÅŸlandÄ±. https://t.co/g4hQZPzNxP,DeminHaber
478,2020-08-03 18:36:33+00:00,1290355893905903616,ANKARA - Eymir GÃ¶lÃ¼'nde 2 kiÅŸi kÄ±skÄ±vrak yakalandÄ±. https://t.co/37guWYEhhw,DeminHaber
479,2020-08-03 13:56:12+00:00,1290285340486283273,"Ä°stanbul SÃ¶zleÅŸmesi'ni eleÅŸtiren gazeteciden ilginÃ§ Ã§Ã¶zÃ¼m: ""Binalarda ses yalÄ±tÄ±mÄ± zorunlu olsa yeter."" https://t.co/VnymcjJAn1",DeminHaber
480,2020-08-03 11:43:45+00:00,1290252009820626944,"The Human Centipede'in yazarÄ± ve yÃ¶netmeni Tom Six: ""Filmi sosyal mesafeye dikkat Ã§ekmek amacÄ±yla Ã§ektik"" https://t.co/eWoxVJdPvS",DeminHaber
481,2020-08-03 11:23:26+00:00,1290246896322113536,"BasÄ±n aÃ§Ä±klamasÄ± esnasÄ±nda bakan ""tedbir"" diyince ""Allahuekber"" diye baÄŸÄ±ran kiÅŸi alandan uzaklaÅŸtÄ±rÄ±ldÄ±. https://t.co/UNuHmHwzCL",DeminHaber
482,2020-08-03 10:34:34+00:00,1290234598266417152,ADANA - BugÃ¼n AtatÃ¼rk ParkÄ±'nda kaybolan genci arama Ã§alÄ±ÅŸmalarÄ± devam ediyor. Hava sÄ±caklÄ±ÄŸÄ±nÄ±n 47 dereceye ulaÅŸtÄ±ÄŸÄ± ÅŸehirde son 3 gÃ¼nde 8 kiÅŸi kayboldu. https://t.co/wmcvIV35Vu,DeminHaber
483,2020-08-02 23:31:16+00:00,1290067673053683712,Covid-19 verilerini aÃ§Ä±klama ihalesini en dÃ¼ÅŸÃ¼k sayÄ±yÄ± veren Dalbayrak Holding kazandÄ±. https://t.co/kEL7EM5wFj,DeminHaber
484,2020-08-02 20:28:51+00:00,1290021766853619712,DÃ¼nyada Covid-19 aÅŸÄ± yarÄ±ÅŸÄ±nda son durum: https://t.co/DYu2VfgFUp,DeminHaber
485,2020-08-02 14:14:30+00:00,1289927557517684739,"Sosyal mesafe konusunda en baÅŸarÄ±lÄ± il seÃ§ilen Bilecik'te halka bu baÅŸarÄ±nÄ±n sÄ±rrÄ±nÄ± sorduk: ""Pandemiyle alakasÄ± yok"" https://t.co/gVESiZnVaJ",DeminHaber
486,2020-08-02 13:54:12+00:00,1289922451040882689,"Covid-19 yÃ¼zÃ¼nden hayatÄ±nÄ± kaybetti, saÄŸlam kalan tek yeriyle umut oldu: DÃ¼nyanÄ±n ilk kadavradan dirsek nakli Ã¼lkemizde yapÄ±lacak. https://t.co/BhCOev09lK",DeminHaber
487,2020-08-02 13:08:17+00:00,1289910896844627970,"BAYBURT - TÃ¼ketici hakem heyeti ""aboneliÄŸim baÅŸladÄ±ÄŸÄ±ndan beri makatÄ±m seÄŸiriyor"" gerekÃ§esini haklÄ± buldu:  Netflix Ã¼cret iadesi yapacak. https://t.co/Zjz4TF4DbT",DeminHaber
488,2020-07-31 15:26:59+00:00,1289221025364946944,"Kocaeli'de feci son.

Yayalara kÄ±rmÄ±zÄ± Ä±ÅŸÄ±k yandÄ±ÄŸÄ± halde karÅŸÄ±ya geÃ§meye Ã§alÄ±ÅŸan yaÅŸlÄ± kadÄ±n kalp krizi geÃ§irerek hayatÄ±nÄ± kaybetti. https://t.co/527HYv7jaV",DeminHaber
489,2020-07-31 15:21:55+00:00,1289219749474258951,BayramÄ±n ilk gÃ¼nÃ¼nde aÄŸÄ±r bilanÃ§o: 1 milyon 800 bin Ã¶lÃ¼. https://t.co/rE0IYyk6dO,DeminHaber
490,2020-07-31 13:27:04+00:00,1289190845522915330,"Bel soÄŸukluÄŸu nedeniyle boÅŸanÄ±lmak istenen eÅŸten ilginÃ§ savunma: ""Mikroplar pisuvardan Ã§iÅŸime tutunarak cinsel organÄ±ma girdi"" https://t.co/zbgx9g658k",DeminHaber
491,2020-07-31 09:12:52+00:00,1289126873792942080,KÃ–LN - Minbere kÄ±lÄ±Ã§la Ã§Ä±kmaya Ã§alÄ±ÅŸan imam yaralandÄ±. https://t.co/SmTwHPP6gg,DeminHaber
492,2020-07-30 17:17:09+00:00,1288886360489762816,"KAYSERÄ° - Yerde oyun oynayan torununun kulaÄŸÄ±nÄ± ayak parmaklarÄ±yla kÄ±stÄ±rdÄ±, torunun kulaÄŸÄ± koptu. Polislere ""avcÄ±lÄ±k sertifikam var"" diyen dede gÃ¶zaltÄ±na alÄ±ndÄ±. https://t.co/2b6Jj2QXnA",DeminHaber
493,2020-07-28 10:31:17+00:00,1288059445428269056,ANKARA - Kemal KÄ±lÄ±Ã§daroÄŸlu itiraz baÅŸvurusu yapÄ±lacak bir ÅŸey Ã§Ä±kma ihtimaline karÅŸÄ± Anayasa Mahkemesi'nin Ã¶nÃ¼nde bekliyor. https://t.co/v8Dn4EVaC8,DeminHaber
494,2020-07-28 08:01:17+00:00,1288021696818089984,KASTAMONU- EÅŸinin elinden alÄ±p aÃ§maya Ã§alÄ±ÅŸtÄ±ÄŸÄ± kavanoz ÅŸah damarÄ±nÄ± kesti: 2 Ã¶lÃ¼. https://t.co/8e6K0ONgFU,DeminHaber
495,2020-07-26 14:40:59+00:00,1287397510600888321,SAMSUN - Bel fÄ±tÄ±ÄŸÄ± tedavisi adÄ± altÄ±nda hastalarla cinsel iliÅŸkiye giren A.H. ve O.H. kardeÅŸler gÃ¶zaltÄ±na alÄ±ndÄ±. https://t.co/AcPVMRSnW0,DeminHaber
496,2020-07-26 10:45:44+00:00,1287338305571430400,"Meram / KONYA - Mors alfabesiyle o........ Ã§......... anlamÄ±na gelecek ÅŸekilde selektÃ¶r yaptÄ±, Ã¶ndeki aracÄ±n ÅŸofÃ¶rÃ¼ gemi kaptanÄ± Ã§Ä±ktÄ±. 4 yaralÄ±. https://t.co/PaJ6EB04qa",DeminHaber
497,2020-07-25 19:08:05+00:00,1287102339418148864,"KaÅŸ sahilinde baygÄ±n ve yaralÄ± olarak bulunan, hastanedeki tedavisinin ardÄ±ndan sahile bÄ±rakÄ±lan Yunanistan vatandaÅŸÄ± Meis AdasÄ±'na doÄŸru yÃ¼zerek gitti. https://t.co/QoTXhSQUfk",DeminHaber
498,2020-07-25 13:05:22+00:00,1287011059942006787,1909 Ä°stanbul'unda Ã§ekilen bir fotoÄŸrafta bir kiÅŸinin cep telefonu benzeri bir cihaz kullanmasÄ± sosyal medyanÄ±n gÃ¼ndemine bomba gibi dÃ¼ÅŸtÃ¼. https://t.co/PbIfpMBtOS,DeminHaber
499,2020-07-25 12:46:40+00:00,1287006354062946305,L,DeminHaber
500,2020-07-25 12:44:26+00:00,1287005790394621952,Kurultayda yeterli imzayÄ± toplayabien tek aday Kemal KÄ±lÄ±Ã§daroÄŸlu oldu. KÄ±lÄ±Ã§daroÄŸlu teÅŸekkÃ¼r konuÅŸmasÄ±nda tek adamlÄ±ÄŸÄ± yÄ±kacaÄŸÄ±nÄ± vurguladÄ±. https://t.co/MznUn6vD6X,DeminHaber
501,2020-07-25 08:45:12+00:00,1286945585900158976,"Ä°stanbul SÃ¶zleÅŸmesi'nin iptalini ve Lozan AntlaÅŸmasÄ±'nÄ±n feshini isteyen kiracÄ±sÄ±nÄ± bÄ±Ã§akladÄ±: ""Kira sÃ¶zleÅŸmesini yÄ±rtÄ±p Ã¼zerime yÃ¼rÃ¼dÃ¼"" https://t.co/fHvr4iTPXS",DeminHaber
502,2020-07-24 18:54:50+00:00,1286736615608655873,Ä°zmit'te bir dinlenme tesisinden aldÄ±ÄŸÄ± piÅŸmaniye kutusundan kÃ¶pek Ã§Ä±kÄ±nca tesisten ÅŸikayetÃ§i olan ancak kÃ¶peÄŸi iade etmeden kaÃ§an adam DÃ¼zce'de yakalandÄ±. https://t.co/YfvTdFL04x,DeminHaber
503,2020-07-24 09:24:07+00:00,1286592990421618688,Ä°talyan kaynaklar: Papa elindeki tespihi kÄ±rÄ±p Ã¶fkeyle odasÄ±na Ã§ekildi. https://t.co/pw8MdMLdHU,DeminHaber
504,2020-07-24 05:50:58+00:00,1286539350881206272,Parkta vesikalÄ±k fotoÄŸraflarÄ±nÄ± Ã¶pÃ¼ÅŸtÃ¼ren iki erkek gÃ¶zaltÄ±na alÄ±ndÄ±. https://t.co/lCXjwjWfty,DeminHaber
505,2020-07-23 19:50:45+00:00,1286388299108622336,Ayasofya MÃ¼zesi'nin kedisi Gli'nin ismi Leyla MercÃ¢ne Cabbar NÃ¼zhet SÃ¼veybe Nisa Semra Binti Ebu Hureyre olarak deÄŸiÅŸtirildi. https://t.co/k7g8WFyLC9,DeminHaber
506,2020-07-20 11:56:03+00:00,1285181676231045120,"Ayasofya'nÄ±n halÄ±larÄ± iÃ§in ErdoÄŸan'a kuÅŸkonmaz yeÅŸili, Ã¶rdek yeÅŸili, Ã§ay yeÅŸili, fÄ±stÄ±k yeÅŸili, tropikal orman yeÅŸili, zÃ¼mrÃ¼t yeÅŸili, Ã§am yeÅŸili, kamuflaj yeÅŸili, petrol yeÅŸili ve nane yeÅŸili sunuldu. ErdoÄŸan turkuaz olsun dedi. https://t.co/LzzzHf5tBQ",DeminHaber
507,2020-07-19 16:24:59+00:00,1284886967788998657,"Covid-19 tedbirleri kapsamÄ±nda resmi yazÄ±ÅŸmalarda gÃ¶kkuÅŸaÄŸÄ±, ÅŸeftali ve patlÄ±can emojilerinin kullanÄ±lmasÄ± yasaklandÄ±. https://t.co/7YYLgjiYEP",DeminHaber
508,2020-07-17 18:24:32+00:00,1284192274444886019,AlaÃ§atÄ±'da kontrol altÄ±na alÄ±nan yangÄ±nÄ± sÃ¶ndÃ¼rme Ã§alÄ±ÅŸmalarÄ±na Ã§evre illerden gelen 87 itfaiye eri ve 3 mimarla devam ediliyor. https://t.co/udJlFQlKD2,DeminHaber
509,2020-07-17 17:15:31+00:00,1284174909476941826,DeÄŸiÅŸen burÃ§larÄ±n iptali iÃ§in CHP Anayasa Mahkemesi'ne baÅŸvuruyor. https://t.co/f133gtJb8P,DeminHaber
510,2020-07-17 16:18:11+00:00,1284160478219055104,AlaÃ§atÄ±'daki orman yangÄ±nÄ± su ve Ã§imento pÃ¼skÃ¼rtÃ¼lerek kontrol altÄ±na alÄ±ndÄ±. https://t.co/rpOG9USFOo,DeminHaber
511,2020-07-17 15:53:49+00:00,1284154348080177155,Ä°zmir'de 18 hektarlÄ±k orman ihale ile yakÄ±lacak. https://t.co/AWey6YHgUy,DeminHaber
512,2020-07-16 21:35:26+00:00,1283877931148808194,11 maddelik torba yasa teklifini hazÄ±rlayan torbacÄ±lar Dikmen'de yakalandÄ±. https://t.co/egPIeG5sTS,DeminHaber
513,2020-07-16 21:04:20+00:00,1283870105076740108,Beyin nakli bekleyen Nil Karaibrahimgil'in sÄ±rasÄ± Ã¶ne kaydÄ±rÄ±ldÄ±. https://t.co/5iSefHtxGn,DeminHaber
514,2020-07-16 20:18:14+00:00,1283858501236858893,TÃ¼rkiye'de koronavirÃ¼se henÃ¼z yakalanmamÄ±ÅŸ kiÅŸi sayÄ±sÄ± 82 milyon 938 bin 124'e indi. https://t.co/Wc8JDDVTzs,DeminHaber
515,2020-07-16 18:15:51+00:00,1283827704241041410,"SaÄŸlÄ±k BakanlÄ±ÄŸÄ±: ""Covid-19 tedbirleri kapsamÄ±nda kalabalÄ±k ailelerin fertleri kurayla nÃ¼fusu az olan ailelerin evlerine daÄŸÄ±tÄ±lacak"" https://t.co/5D2OHpBHIP",DeminHaber
516,2020-07-15 17:48:41+00:00,1283458479865442304,Gazilerle girdikleri Ã§atÄ±ÅŸmada yaralanan vatandaÅŸlara gazilik unvanlarÄ± takdim edildi. https://t.co/4xIe0b0nLm,DeminHaber
517,2020-07-14 16:29:13+00:00,1283076091503140865,"FETÃ–'nÃ¼n ""FETÃ–'nÃ¼n siyasi ayaÄŸÄ± araÅŸtÄ±rÄ±lmasÄ±n"" Ã¶nerisi kabul edildi. https://t.co/kYiqrqsNmC",DeminHaber
